,first_course_eur,last_course_eur
2015-01-02,7.01,7.01
2015-01-03,7.01,7.01
2015-01-04,7.01,7.01
2015-01-05,6.92,6.9
2015-01-06,6.8,6.77
2015-01-07,6.71,6.78
2015-01-08,6.7,6.81
2015-01-09,6.71,6.71
2015-01-10,6.71,6.71
2015-01-11,6.71,6.71
2015-01-12,6.65,6.71
2015-01-13,6.86,7.29
2015-01-14,7.2,7.16
2015-01-15,7.17,7.12
2015-01-16,7.13,7.13
2015-01-17,7.13,7.13
2015-01-18,7.13,7.13
2015-01-19,7.07,7.21
2015-01-20,7.1,7.16
2015-01-21,7.3,7.32
2015-01-22,7.34,6.76
2015-01-23,6.91,6.8
2015-01-24,6.91,6.8
2015-01-25,6.91,6.8
2015-01-26,6.82,6.85
2015-01-27,6.83,6.84
2015-01-28,6.81,6.95
2015-01-29,6.95,7.06
2015-01-30,6.97,7.08
2015-01-31,6.97,7.08
2015-02-01,6.97,7.08
2015-02-02,7.08,7.13
2015-02-03,7.09,7.06
2015-02-04,6.99,6.93
2015-02-05,6.92,7.0
2015-02-06,6.93,6.95
2015-02-07,6.93,6.95
2015-02-08,6.93,6.95
2015-02-09,6.87,6.91
2015-02-10,6.89,7.1
2015-02-11,7.19,7.23
2015-02-12,7.33,7.39
2015-02-13,7.36,7.63
2015-02-14,7.36,7.63
2015-02-15,7.36,7.63
2015-02-16,7.59,7.65
2015-02-17,7.6,7.47
2015-02-18,7.45,7.49
2015-02-19,7.39,7.34
2015-02-20,7.36,7.32
2015-02-21,7.36,7.32
2015-02-22,7.36,7.32
2015-02-23,7.2,7.7
2015-02-24,7.73,7.47
2015-02-25,7.63,7.39
2015-02-26,7.3,7.06
2015-02-27,7.04,7.1
2015-02-28,7.04,7.1
2015-03-01,7.04,7.1
2015-03-02,7.01,6.95
2015-03-03,6.85,6.73
2015-03-04,6.65,7.02
2015-03-05,7.02,6.75
2015-03-06,6.71,6.8
2015-03-07,6.71,6.8
2015-03-08,6.71,6.8
2015-03-09,6.74,6.68
2015-03-10,6.66,6.82
2015-03-11,6.77,6.76
2015-03-12,6.7,6.41
2015-03-13,6.36,6.46
2015-03-14,6.36,6.46
2015-03-15,6.36,6.46
2015-03-16,6.39,6.49
2015-03-17,6.46,6.73
2015-03-18,6.69,6.74
2015-03-19,6.76,6.67
2015-03-20,6.67,7.04
2015-03-21,6.67,7.04
2015-03-22,6.67,7.04
2015-03-23,6.97,7.04
2015-03-24,7.03,7.03
2015-03-25,7.03,6.97
2015-03-26,6.99,6.95
2015-03-27,6.76,6.76
2015-03-28,6.76,6.76
2015-03-29,6.76,6.76
2015-03-30,6.79,6.88
2015-03-31,6.93,6.92
2015-04-01,7.03,7.14
2015-04-02,7.17,7.15
2015-04-03,7.17,7.15
2015-04-04,7.17,7.15
2015-04-05,7.17,7.15
2015-04-06,7.15,7.15
2015-04-07,7.14,7.11
2015-04-08,7.11,7.12
2015-04-09,7.11,7.01
2015-04-10,6.98,6.94
2015-04-11,6.98,6.94
2015-04-12,6.98,6.94
2015-04-13,6.92,6.8
2015-04-14,6.84,6.8
2015-04-15,6.85,6.85
2015-04-16,6.86,6.87
2015-04-17,6.86,6.84
2015-04-18,6.86,6.84
2015-04-19,6.86,6.84
2015-04-20,7.13,7.13
2015-04-21,7.1,7.08
2015-04-22,7.1,7.09
2015-04-23,7.06,7.25
2015-04-24,7.26,7.28
2015-04-25,7.26,7.28
2015-04-26,7.26,7.28
2015-04-27,7.3,7.15
2015-04-28,7.15,7.35
2015-04-29,7.35,7.46
2015-04-30,7.5,7.39
2015-05-01,7.48,7.48
2015-05-02,7.48,7.48
2015-05-03,7.48,7.48
2015-05-04,7.55,7.58
2015-05-05,7.54,7.55
2015-05-06,7.67,7.53
2015-05-07,7.43,7.43
2015-05-08,7.53,7.53
2015-05-09,7.53,7.53
2015-05-10,7.53,7.53
2015-05-11,7.54,7.62
2015-05-12,7.68,7.59
2015-05-13,7.6,7.64
2015-05-14,7.55,7.55
2015-05-15,7.59,7.59
2015-05-16,7.59,7.59
2015-05-17,7.59,7.59
2015-05-18,7.53,7.6
2015-05-19,7.55,7.37
2015-05-20,7.49,7.35
2015-05-21,7.36,7.3
2015-05-22,7.27,7.3
2015-05-23,7.27,7.3
2015-05-24,7.27,7.3
2015-05-25,7.37,7.36
2015-05-26,7.37,7.22
2015-05-27,7.18,7.17
2015-05-28,7.17,7.18
2015-05-29,7.29,7.32
2015-05-30,7.29,7.32
2015-05-31,7.29,7.32
2015-06-01,7.25,7.24
2015-06-02,7.36,7.44
2015-06-03,7.5,7.48
2015-06-04,7.5,7.39
2015-06-05,7.46,7.4
2015-06-06,7.46,7.4
2015-06-07,7.46,7.4
2015-06-08,7.44,7.44
2015-06-09,7.51,7.56
2015-06-10,7.54,7.58
2015-06-11,7.55,7.5
2015-06-12,7.53,7.61
2015-06-13,7.53,7.61
2015-06-14,7.53,7.61
2015-06-15,7.57,7.51
2015-06-16,7.47,7.41
2015-06-17,7.47,7.46
2015-06-18,7.47,7.45
2015-06-19,7.43,7.41
2015-06-20,7.43,7.41
2015-06-21,7.43,7.41
2015-06-22,7.47,7.46
2015-06-23,7.48,7.48
2015-06-24,7.51,7.48
2015-06-25,7.55,7.58
2015-06-26,7.52,7.52
2015-06-27,7.52,7.52
2015-06-28,7.52,7.52
2015-06-29,7.3,7.33
2015-06-30,7.36,7.42
2015-07-01,7.47,7.47
2015-07-02,7.47,7.43
2015-07-03,7.42,7.42
2015-07-04,7.42,7.42
2015-07-05,7.42,7.42
2015-07-06,7.39,7.36
2015-07-07,7.44,7.44
2015-07-08,7.43,7.43
2015-07-09,7.46,7.46
2015-07-10,7.59,7.59
2015-07-11,7.59,7.59
2015-07-12,7.59,7.59
2015-07-13,7.65,7.77
2015-07-14,7.77,7.71
2015-07-15,7.77,7.74
2015-07-16,7.7,7.64
2015-07-17,7.67,7.72
2015-07-18,7.67,7.72
2015-07-19,7.67,7.72
2015-07-20,7.96,7.96
2015-07-21,7.94,7.94
2015-07-22,7.94,7.94
2015-07-23,8.05,8.05
2015-07-24,7.98,7.98
2015-07-25,7.98,7.98
2015-07-26,7.98,7.98
2015-07-27,7.97,8.0
2015-07-28,7.94,8.0
2015-07-29,8.04,8.04
2015-07-30,8.04,7.86
2015-07-31,7.85,7.85
2015-08-01,7.85,7.85
2015-08-02,7.85,7.85
2015-08-03,7.91,7.93
2015-08-04,7.95,7.88
2015-08-05,7.85,7.81
2015-08-06,7.82,7.82
2015-08-07,7.8,7.76
2015-08-08,7.8,7.76
2015-08-09,7.8,7.76
2015-08-10,7.9,7.9
2015-08-11,7.93,8.07
2015-08-12,8.15,8.17
2015-08-13,8.21,8.17
2015-08-14,8.16,8.3
2015-08-15,8.16,8.3
2015-08-16,8.16,8.3
2015-08-17,8.25,8.22
2015-08-18,8.25,8.25
2015-08-19,8.32,8.32
2015-08-20,8.34,8.34
2015-08-21,8.18,8.18
2015-08-22,8.18,8.18
2015-08-23,8.18,8.18
2015-08-24,8.13,8.15
2015-08-25,8.23,8.23
2015-08-26,8.08,8.08
2015-08-27,8.13,8.03
2015-08-28,8.03,8.09
2015-08-29,8.03,8.09
2015-08-30,8.03,8.09
2015-08-31,8.05,8.05
2015-09-01,7.99,7.99
2015-09-02,8.0,8.1
2015-09-03,8.15,8.15
2015-09-04,8.07,8.07
2015-09-05,8.07,8.07
2015-09-06,8.07,8.07
2015-09-07,8.06,8.06
2015-09-08,8.1,8.22
2015-09-09,8.27,8.25
2015-09-10,8.27,8.26
2015-09-11,8.23,8.24
2015-09-12,8.23,8.24
2015-09-13,8.23,8.24
2015-09-14,8.23,8.21
2015-09-15,8.15,8.15
2015-09-16,8.21,8.21
2015-09-17,8.21,8.21
2015-09-18,8.13,8.09
2015-09-19,8.13,8.09
2015-09-20,8.13,8.09
2015-09-21,8.08,7.96
2015-09-22,8.01,8.0
2015-09-23,8.05,8.05
2015-09-24,7.99,7.99
2015-09-25,7.99,7.98
2015-09-26,7.99,7.98
2015-09-27,7.99,7.98
2015-09-28,7.96,7.9
2015-09-29,7.96,7.96
2015-09-30,8.09,8.13
2015-10-01,8.15,8.15
2015-10-02,8.15,8.13
2015-10-03,8.15,8.13
2015-10-04,8.15,8.13
2015-10-05,8.19,8.19
2015-10-06,8.2,8.2
2015-10-07,8.09,8.09
2015-10-08,8.11,8.11
2015-10-09,8.33,8.33
2015-10-10,8.33,8.33
2015-10-11,8.33,8.33
2015-10-12,8.32,8.28
2015-10-13,8.32,8.32
2015-10-14,8.42,8.42
2015-10-15,8.47,8.41
2015-10-16,8.38,8.38
2015-10-17,8.38,8.38
2015-10-18,8.38,8.38
2015-10-19,8.34,8.34
2015-10-20,8.46,8.46
2015-10-21,8.44,8.44
2015-10-22,8.46,8.47
2015-10-23,8.53,8.62
2015-10-24,8.53,8.62
2015-10-25,8.53,8.62
2015-10-26,8.56,8.65
2015-10-27,8.6,8.6
2015-10-28,8.56,8.56
2015-10-29,8.67,8.67
2015-10-30,8.63,8.63
2015-10-31,8.63,8.63
2015-11-01,8.63,8.63
2015-11-02,8.59,8.59
2015-11-03,8.5,8.44
2015-11-04,8.48,8.39
2015-11-05,8.46,8.46
2015-11-06,8.4,8.4
2015-11-07,8.4,8.4
2015-11-08,8.4,8.4
2015-11-09,8.31,8.31
2015-11-10,8.44,8.44
2015-11-11,8.44,8.44
2015-11-12,8.37,8.37
2015-11-13,8.39,8.39
2015-11-14,8.39,8.39
2015-11-15,8.39,8.39
2015-11-16,8.38,8.53
2015-11-17,8.61,8.61
2015-11-18,8.55,8.58
2015-11-19,8.63,8.63
2015-11-20,8.51,8.51
2015-11-21,8.51,8.51
2015-11-22,8.51,8.51
2015-11-23,8.56,8.56
2015-11-24,8.62,8.65
2015-11-25,8.62,8.62
2015-11-26,8.58,8.58
2015-11-27,8.56,8.58
2015-11-28,8.56,8.58
2015-11-29,8.56,8.58
2015-11-30,8.58,8.58
2015-12-01,8.56,8.56
2015-12-02,8.56,8.48
2015-12-03,8.47,8.59
2015-12-04,8.55,8.52
2015-12-05,8.55,8.52
2015-12-06,8.55,8.52
2015-12-07,8.52,8.41
2015-12-08,8.44,8.41
2015-12-09,8.43,8.4
2015-12-10,8.43,8.36
2015-12-11,8.33,8.07
2015-12-12,8.33,8.07
2015-12-13,8.33,8.07
2015-12-14,7.99,8.07
2015-12-15,8.19,8.19
2015-12-16,8.13,8.13
2015-12-17,8.12,8.07
2015-12-18,8.06,8.06
2015-12-19,8.06,8.06
2015-12-20,8.06,8.06
2015-12-21,8.19,8.19
2015-12-22,8.25,8.25
2015-12-23,8.22,8.22
2015-12-24,8.19,8.19
2015-12-25,8.19,8.19
2015-12-26,8.19,8.19
2015-12-27,8.19,8.19
2015-12-28,8.31,8.31
2015-12-29,8.27,8.27
2015-12-30,8.21,8.21
2015-12-31,8.22,8.22
2016-01-01,8.22,8.22
2016-01-02,8.22,8.22
2016-01-03,8.22,8.22
2016-01-04,8.04,8.04
2016-01-05,8.06,7.99
2016-01-06,8.02,7.74
2016-01-07,7.54,7.54
2016-01-08,7.41,7.41
2016-01-09,7.41,7.41
2016-01-10,7.41,7.41
2016-01-11,7.12,7.12
2016-01-12,7.1,7.1
2016-01-13,7.24,7.24
2016-01-14,7.08,7.08
2016-01-15,7.0,6.67
2016-01-16,7.0,6.67
2016-01-17,7.0,6.67
2016-01-18,6.55,6.71
2016-01-19,6.81,6.81
2016-01-20,6.61,6.31
2016-01-21,6.17,6.17
2016-01-22,6.32,6.32
2016-01-23,6.32,6.32
2016-01-24,6.32,6.32
2016-01-25,5.95,5.87
2016-01-26,6.07,6.07
2016-01-27,5.9,5.9
2016-01-28,6.06,6.06
2016-01-29,6.04,6.04
2016-01-30,6.04,6.04
2016-01-31,6.04,6.04
2016-02-01,5.85,5.68
2016-02-02,5.62,5.81
2016-02-03,5.61,5.61
2016-02-04,5.6,5.6
2016-02-05,5.54,5.54
2016-02-06,5.54,5.54
2016-02-07,5.54,5.54
2016-02-08,5.2,5.23
2016-02-09,5.15,4.95
2016-02-10,4.87,4.87
2016-02-11,4.63,4.73
2016-02-12,5.05,5.05
2016-02-13,5.05,5.05
2016-02-14,5.05,5.05
2016-02-15,4.98,4.79
2016-02-16,4.88,4.67
2016-02-17,5.07,5.07
2016-02-18,5.24,5.24
2016-02-19,5.15,5.15
2016-02-20,5.15,5.15
2016-02-21,5.15,5.15
2016-02-22,5.24,5.4
2016-02-23,4.89,4.89
2016-02-24,4.72,4.85
2016-02-25,4.99,5.06
2016-02-26,4.98,4.98
2016-02-27,4.98,4.98
2016-02-28,4.98,4.98
2016-02-29,4.95,4.99
2016-03-01,4.96,4.99
2016-03-02,4.99,4.95
2016-03-03,4.95,4.88
2016-03-04,4.86,4.92
2016-03-05,4.86,4.92
2016-03-06,4.86,4.92
2016-03-07,4.97,5.09
2016-03-08,5.0,5.01
2016-03-09,4.98,5.07
2016-03-10,4.99,4.9
2016-03-11,5.05,4.98
2016-03-12,5.05,4.98
2016-03-13,5.05,4.98
2016-03-14,4.97,4.85
2016-03-15,4.61,4.85
2016-03-16,4.95,4.95
2016-03-17,4.99,4.99
2016-03-18,4.96,4.93
2016-03-19,4.96,4.93
2016-03-20,4.96,4.93
2016-03-21,4.86,4.86
2016-03-22,4.81,4.81
2016-03-23,4.79,4.79
2016-03-24,4.84,4.84
2016-03-25,4.84,4.84
2016-03-26,4.84,4.84
2016-03-27,4.84,4.84
2016-03-28,4.84,4.84
2016-03-29,4.77,4.77
2016-03-30,4.77,4.95
2016-03-31,5.09,5.2
2016-04-01,5.16,5.16
2016-04-02,5.16,5.16
2016-04-03,5.16,5.16
2016-04-04,5.32,5.32
2016-04-05,5.32,5.23
2016-04-06,5.3,5.3
2016-04-07,5.27,5.27
2016-04-08,5.41,5.41
2016-04-09,5.41,5.41
2016-04-10,5.41,5.41
2016-04-11,5.52,5.57
2016-04-12,5.58,5.58
2016-04-13,5.5,5.53
2016-04-14,5.6,5.6
2016-04-15,5.55,5.47
2016-04-16,5.55,5.47
2016-04-17,5.55,5.47
2016-04-18,5.46,5.46
2016-04-19,5.56,5.56
2016-04-20,5.5,5.54
2016-04-21,5.74,5.74
2016-04-22,5.75,5.96
2016-04-23,5.75,5.96
2016-04-24,5.75,5.96
2016-04-25,5.94,5.89
2016-04-26,6.61,6.61
2016-04-27,6.83,6.83
2016-04-28,6.33,6.33
2016-04-29,6.17,6.17
2016-04-30,6.17,6.17
2016-05-01,6.17,6.17
2016-05-02,6.1,6.1
2016-05-03,5.98,5.98
2016-05-04,6.12,6.12
2016-05-05,6.19,6.19
2016-05-06,5.85,5.85
2016-05-07,5.85,5.85
2016-05-08,5.85,5.85
2016-05-09,5.69,5.69
2016-05-10,5.89,5.89
2016-05-11,5.83,6.01
2016-05-12,5.8,5.8
2016-05-13,5.85,5.84
2016-05-14,5.85,5.84
2016-05-15,5.85,5.84
2016-05-16,6.1,6.1
2016-05-17,6.04,6.04
2016-05-18,6.05,6.05
2016-05-19,5.9,5.98
2016-05-20,5.92,5.95
2016-05-21,5.92,5.95
2016-05-22,5.92,5.95
2016-05-23,5.9,5.72
2016-05-24,5.81,5.78
2016-05-25,5.85,5.85
2016-05-26,6.01,6.01
2016-05-27,6.02,6.02
2016-05-28,6.02,6.02
2016-05-29,6.02,6.02
2016-05-30,6.1,6.1
2016-05-31,6.08,6.08
2016-06-01,5.98,5.95
2016-06-02,6.01,6.01
2016-06-03,5.93,5.93
2016-06-04,5.93,5.93
2016-06-05,5.93,5.93
2016-06-06,6.19,6.19
2016-06-07,6.36,6.1
2016-06-08,6.09,6.09
2016-06-09,6.06,6.1
2016-06-10,5.97,5.94
2016-06-11,5.97,5.94
2016-06-12,5.97,5.94
2016-06-13,5.89,5.84
2016-06-14,5.84,5.84
2016-06-15,5.89,5.89
2016-06-16,5.7,5.7
2016-06-17,5.74,5.66
2016-06-18,5.74,5.66
2016-06-19,5.74,5.66
2016-06-20,5.84,5.84
2016-06-21,5.56,5.54
2016-06-22,5.57,5.67
2016-06-23,5.63,5.63
2016-06-24,4.89,4.95
2016-06-25,4.89,4.95
2016-06-26,4.89,4.95
2016-06-27,5.06,4.76
2016-06-28,4.68,4.68
2016-06-29,4.51,4.51
2016-06-30,4.46,4.46
2016-07-01,4.46,4.61
2016-07-02,4.46,4.61
2016-07-03,4.46,4.61
2016-07-04,4.96,4.96
2016-07-05,4.7,4.7
2016-07-06,4.51,4.58
2016-07-07,4.72,4.57
2016-07-08,4.53,4.53
2016-07-09,4.53,4.53
2016-07-10,4.53,4.53
2016-07-11,4.53,4.42
2016-07-12,4.43,4.62
2016-07-13,4.78,4.78
2016-07-14,4.85,4.77
2016-07-15,4.7,4.92
2016-07-16,4.7,4.92
2016-07-17,4.7,4.92
2016-07-18,4.84,4.84
2016-07-19,4.66,4.66
2016-07-20,4.68,4.68
2016-07-21,4.72,4.64
2016-07-22,4.55,4.55
2016-07-23,4.55,4.55
2016-07-24,4.55,4.55
2016-07-25,4.58,4.58
2016-07-26,4.5,4.5
2016-07-27,4.52,4.52
2016-07-28,4.47,4.47
2016-07-29,4.4,4.41
2016-07-30,4.4,4.41
2016-07-31,4.4,4.41
2016-08-01,4.37,4.37
2016-08-02,4.4,4.4
2016-08-03,4.56,4.62
2016-08-04,4.68,4.68
2016-08-05,4.72,4.72
2016-08-06,4.72,4.72
2016-08-07,4.72,4.72
2016-08-08,4.94,4.94
2016-08-09,4.87,4.87
2016-08-10,4.76,4.76
2016-08-11,4.87,4.87
2016-08-12,4.89,4.89
2016-08-13,4.89,4.89
2016-08-14,4.89,4.89
2016-08-15,4.8,4.8
2016-08-16,4.69,4.69
2016-08-17,4.48,4.48
2016-08-18,4.49,4.68
2016-08-19,4.76,4.76
2016-08-20,4.76,4.76
2016-08-21,4.76,4.76
2016-08-22,4.87,4.89
2016-08-23,4.7,4.7
2016-08-24,4.6,4.6
2016-08-25,4.7,4.7
2016-08-26,4.69,4.69
2016-08-27,4.69,4.69
2016-08-28,4.69,4.69
2016-08-29,4.69,4.69
2016-08-30,4.54,4.54
2016-08-31,4.46,4.46
2016-09-01,4.37,4.37
2016-09-02,4.35,4.08
2016-09-03,4.35,4.08
2016-09-04,4.35,4.08
2016-09-05,3.93,3.93
2016-09-06,4.13,4.13
2016-09-07,4.01,4.01
2016-09-08,4.08,4.08
2016-09-09,4.08,4.08
2016-09-10,4.08,4.08
2016-09-11,4.08,4.08
2016-09-12,4.03,4.03
2016-09-13,4.02,4.02
2016-09-14,3.98,3.98
2016-09-15,3.97,4.14
2016-09-16,4.36,4.36
2016-09-17,4.36,4.36
2016-09-18,4.36,4.36
2016-09-19,4.43,4.4
2016-09-20,4.16,4.16
2016-09-21,4.1,4.21
2016-09-22,4.42,4.42
2016-09-23,4.65,4.54
2016-09-24,4.65,4.54
2016-09-25,4.65,4.54
2016-09-26,4.64,4.62
2016-09-27,4.43,4.43
2016-09-28,5.0,4.95
2016-09-29,5.19,5.02
2016-09-30,4.92,4.96
2016-10-01,4.92,4.96
2016-10-02,4.92,4.96
2016-10-03,5.31,5.31
2016-10-04,5.22,5.21
2016-10-05,5.43,5.48
2016-10-06,5.86,5.86
2016-10-07,5.67,5.69
2016-10-08,5.67,5.69
2016-10-09,5.67,5.69
2016-10-10,5.66,5.66
2016-10-11,5.55,5.43
2016-10-12,5.52,5.52
2016-10-13,5.64,5.65
2016-10-14,5.81,5.81
2016-10-15,5.81,5.81
2016-10-16,5.81,5.81
2016-10-17,5.9,5.87
2016-10-18,5.95,5.95
2016-10-19,5.67,5.67
2016-10-20,5.58,5.58
2016-10-21,5.89,5.89
2016-10-22,5.89,5.89
2016-10-23,5.89,5.89
2016-10-24,5.81,5.81
2016-10-25,5.81,5.81
2016-10-26,5.94,5.94
2016-10-27,5.81,5.81
2016-10-28,5.76,5.88
2016-10-29,5.76,5.88
2016-10-30,5.76,5.88
2016-10-31,5.93,5.9
2016-11-01,5.97,6.03
2016-11-02,6.24,6.24
2016-11-03,6.5,6.5
2016-11-04,6.41,6.41
2016-11-05,6.41,6.41
2016-11-06,6.41,6.41
2016-11-07,6.52,6.23
2016-11-08,6.15,6.15
2016-11-09,6.13,6.13
2016-11-10,5.92,5.92
2016-11-11,5.7,5.67
2016-11-12,5.7,5.67
2016-11-13,5.7,5.67
2016-11-14,5.55,5.41
2016-11-15,5.74,5.74
2016-11-16,5.55,5.55
2016-11-17,5.74,5.9
2016-11-18,5.58,5.58
2016-11-19,5.58,5.58
2016-11-20,5.58,5.58
2016-11-21,5.47,5.48
2016-11-22,5.51,5.51
2016-11-23,5.39,5.39
2016-11-24,5.35,5.34
2016-11-25,5.0,5.0
2016-11-26,5.0,5.0
2016-11-27,5.0,5.0
2016-11-28,4.99,4.74
2016-11-29,4.71,4.56
2016-11-30,4.49,4.58
2016-12-01,4.62,4.46
2016-12-02,4.44,4.3
2016-12-03,4.44,4.3
2016-12-04,4.44,4.3
2016-12-05,4.27,4.37
2016-12-06,4.29,4.5
2016-12-07,4.49,4.3
2016-12-08,4.27,4.61
2016-12-09,4.61,4.46
2016-12-10,4.61,4.46
2016-12-11,4.61,4.46
2016-12-12,4.51,4.87
2016-12-13,4.84,4.79
2016-12-14,5.03,5.01
2016-12-15,5.01,4.84
2016-12-16,4.93,4.93
2016-12-17,4.93,4.93
2016-12-18,4.93,4.93
2016-12-19,4.96,5.09
2016-12-20,5.22,5.23
2016-12-21,5.8,5.8
2016-12-22,5.87,6.07
2016-12-23,6.22,6.22
2016-12-24,6.22,6.22
2016-12-25,6.22,6.22
2016-12-26,6.22,6.22
2016-12-27,6.32,6.32
2016-12-28,6.32,6.32
2016-12-29,6.34,6.34
2016-12-30,6.54,6.54
2016-12-31,6.54,6.54
2017-01-01,6.54,6.54
2017-01-02,6.11,6.11
2017-01-03,5.41,5.41
2017-01-04,5.64,5.7
2017-01-05,5.27,5.27
2017-01-06,5.39,5.03
2017-01-07,5.39,5.03
2017-01-08,5.39,5.03
2017-01-09,5.05,5.25
2017-01-10,5.36,5.49
2017-01-11,5.51,5.51
2017-01-12,5.03,5.03
2017-01-13,5.03,5.03
2017-01-14,5.03,5.03
2017-01-15,5.03,5.03
2017-01-16,4.96,4.69
2017-01-17,4.66,4.99
2017-01-18,4.96,4.83
2017-01-19,4.9,5.19
2017-01-20,5.42,5.42
2017-01-21,5.42,5.42
2017-01-22,5.42,5.42
2017-01-23,5.31,5.31
2017-01-24,5.19,5.07
2017-01-25,4.95,4.97
2017-01-26,5.19,5.19
2017-01-27,4.91,4.91
2017-01-28,4.91,4.91
2017-01-29,4.91,4.91
2017-01-30,5.15,5.15
2017-01-31,5.35,5.35
2017-02-01,5.26,5.26
2017-02-02,5.22,5.22
2017-02-03,5.15,5.15
2017-02-04,5.15,5.15
2017-02-05,5.15,5.15
2017-02-06,5.09,5.09
2017-02-07,5.16,5.16
2017-02-08,5.21,5.21
2017-02-09,5.27,5.27
2017-02-10,5.11,5.11
2017-02-11,5.11,5.11
2017-02-12,5.11,5.11
2017-02-13,4.89,4.89
2017-02-14,5.12,5.12
2017-02-15,5.05,5.05
2017-02-16,5.04,4.93
2017-02-17,4.91,4.97
2017-02-18,4.91,4.97
2017-02-19,4.91,4.97
2017-02-20,5.08,5.08
2017-02-21,5.04,5.04
2017-02-22,5.0,5.06
2017-02-23,5.3,5.34
2017-02-24,5.33,5.38
2017-02-25,5.33,5.38
2017-02-26,5.33,5.38
2017-02-27,5.4,5.19
2017-02-28,5.26,5.23
2017-03-01,5.31,5.9
2017-03-02,5.98,5.46
2017-03-03,5.42,5.59
2017-03-04,5.42,5.59
2017-03-05,5.42,5.59
2017-03-06,5.5,5.48
2017-03-07,5.52,5.37
2017-03-08,5.3,5.23
2017-03-09,5.15,5.12
2017-03-10,5.12,5.16
2017-03-11,5.12,5.16
2017-03-12,5.12,5.16
2017-03-13,5.15,5.15
2017-03-14,5.17,5.1
2017-03-15,5.09,5.19
2017-03-16,5.15,5.14
2017-03-17,5.12,5.13
2017-03-18,5.12,5.13
2017-03-19,5.12,5.13
2017-03-20,5.11,4.99
2017-03-21,4.98,4.93
2017-03-22,4.87,4.96
2017-03-23,4.98,4.97
2017-03-24,4.96,4.76
2017-03-25,4.96,4.76
2017-03-26,4.96,4.76
2017-03-27,4.7,4.62
2017-03-28,4.73,4.73
2017-03-29,4.75,4.75
2017-03-30,4.91,4.91
2017-03-31,4.68,4.68
2017-04-01,4.68,4.68
2017-04-02,4.68,4.68
2017-04-03,4.86,4.86
2017-04-04,4.79,4.64
2017-04-05,4.81,4.81
2017-04-06,5.05,5.05
2017-04-07,4.88,4.88
2017-04-08,4.88,4.88
2017-04-09,4.88,4.88
2017-04-10,4.78,4.78
2017-04-11,4.85,4.86
2017-04-12,4.92,4.92
2017-04-13,4.94,4.94
2017-04-14,4.94,4.94
2017-04-15,4.94,4.94
2017-04-16,4.94,4.94
2017-04-17,4.94,4.94
2017-04-18,4.85,4.85
2017-04-19,4.9,4.82
2017-04-20,4.8,4.74
2017-04-21,4.7,4.56
2017-04-22,4.7,4.56
2017-04-23,4.7,4.56
2017-04-24,4.63,4.63
2017-04-25,4.63,4.63
2017-04-26,4.63,4.63
2017-04-27,4.63,4.63
2017-04-28,4.56,4.56
2017-04-29,4.56,4.56
2017-04-30,4.56,4.56
2017-05-01,4.56,4.56
2017-05-02,4.51,4.44
2017-05-03,4.39,4.39
2017-05-04,4.51,4.51
2017-05-05,4.57,4.57
2017-05-06,4.57,4.57
2017-05-07,4.57,4.57
2017-05-08,4.42,4.42
2017-05-09,4.4,4.51
2017-05-10,4.45,4.45
2017-05-11,4.39,4.34
2017-05-12,4.32,4.45
2017-05-13,4.32,4.45
2017-05-14,4.32,4.45
2017-05-15,4.38,4.38
2017-05-16,4.53,4.53
2017-05-17,4.57,4.57
2017-05-18,4.76,4.76
2017-05-19,4.89,4.85
2017-05-20,4.89,4.85
2017-05-21,4.89,4.85
2017-05-22,4.99,4.9
2017-05-23,4.75,4.75
2017-05-24,4.91,4.91
2017-05-25,4.98,4.98
2017-05-26,5.19,5.19
2017-05-27,5.19,5.19
2017-05-28,5.19,5.19
2017-05-29,5.17,5.17
2017-05-30,5.14,5.14
2017-05-31,4.98,4.98
2017-06-01,5.08,5.08
2017-06-02,5.16,5.16
2017-06-03,5.16,5.16
2017-06-04,5.16,5.16
2017-06-05,5.17,5.17
2017-06-06,4.97,4.97
2017-06-07,4.87,4.87
2017-06-08,5.04,5.04
2017-06-09,5.04,5.04
2017-06-10,5.04,5.04
2017-06-11,5.04,5.04
2017-06-12,5.04,4.91
2017-06-13,5.0,5.0
2017-06-14,4.93,4.93
2017-06-15,4.95,4.95
2017-06-16,4.92,4.87
2017-06-17,4.92,4.87
2017-06-18,4.92,4.87
2017-06-19,4.92,4.92
2017-06-20,4.9,4.94
2017-06-21,4.87,4.87
2017-06-22,4.89,4.86
2017-06-23,4.86,4.86
2017-06-24,4.86,4.86
2017-06-25,4.86,4.86
2017-06-26,4.77,4.77
2017-06-27,4.93,4.93
2017-06-28,4.93,4.93
2017-06-29,5.06,5.06
2017-06-30,5.02,5.02
2017-07-01,5.02,5.02
2017-07-02,5.02,5.02
2017-07-03,5.13,5.13
2017-07-04,5.11,5.11
2017-07-05,5.04,5.04
2017-07-06,5.23,5.23
2017-07-07,5.33,5.33
2017-07-08,5.33,5.33
2017-07-09,5.33,5.33
2017-07-10,5.39,5.39
2017-07-11,5.32,5.32
2017-07-12,5.47,5.47
2017-07-13,5.35,5.35
2017-07-14,5.35,5.41
2017-07-15,5.35,5.41
2017-07-16,5.35,5.41
2017-07-17,5.43,5.43
2017-07-18,5.5,5.45
2017-07-19,5.38,5.38
2017-07-20,5.43,5.29
2017-07-21,5.08,5.08
2017-07-22,5.08,5.08
2017-07-23,5.08,5.08
2017-07-24,5.13,5.13
2017-07-25,5.15,5.15
2017-07-26,5.24,5.24
2017-07-27,5.13,5.13
2017-07-28,5.17,5.17
2017-07-29,5.17,5.17
2017-07-30,5.17,5.17
2017-07-31,5.22,5.22
2017-08-01,5.29,5.29
2017-08-02,5.42,5.42
2017-08-03,5.43,5.42
2017-08-04,5.34,5.34
2017-08-05,5.34,5.34
2017-08-06,5.34,5.34
2017-08-07,5.26,5.26
2017-08-08,5.26,5.26
2017-08-09,5.36,5.36
2017-08-10,5.36,5.36
2017-08-11,5.38,5.38
2017-08-12,5.38,5.38
2017-08-13,5.38,5.38
2017-08-14,5.51,5.51
2017-08-15,5.52,5.52
2017-08-16,5.79,5.79
2017-08-17,5.8,5.8
2017-08-18,5.81,5.81
2017-08-19,5.81,5.81
2017-08-20,5.81,5.81
2017-08-21,5.81,5.74
2017-08-22,5.77,5.77
2017-08-23,5.94,5.94
2017-08-24,5.94,5.94
2017-08-25,6.08,6.08
2017-08-26,6.08,6.08
2017-08-27,6.08,6.08
2017-08-28,6.12,6.09
2017-08-29,6.03,6.03
2017-08-30,6.02,6.02
2017-08-31,5.93,5.93
2017-09-01,5.82,5.82
2017-09-02,5.82,5.82
2017-09-03,5.82,5.82
2017-09-04,5.91,5.91
2017-09-05,6.49,6.49
2017-09-06,6.38,6.69
2017-09-07,6.89,6.89
2017-09-08,7.06,7.06
2017-09-09,7.06,7.06
2017-09-10,7.06,7.06
2017-09-11,6.87,6.87
2017-09-12,6.86,6.86
2017-09-13,7.07,7.09
2017-09-14,7.09,7.09
2017-09-15,6.98,6.94
2017-09-16,6.98,6.94
2017-09-17,6.98,6.94
2017-09-18,6.72,6.72
2017-09-19,6.82,7.02
2017-09-20,6.9,6.9
2017-09-21,6.77,6.55
2017-09-22,6.55,6.64
2017-09-23,6.55,6.64
2017-09-24,6.55,6.64
2017-09-25,7.27,7.27
2017-09-26,6.97,6.97
2017-09-27,6.92,6.92
2017-09-28,6.96,6.96
2017-09-29,7.06,7.06
2017-09-30,7.06,7.06
2017-10-01,7.06,7.06
2017-10-02,6.93,6.93
2017-10-03,6.99,6.99
2017-10-04,6.89,6.89
2017-10-05,6.88,6.88
2017-10-06,6.99,6.99
2017-10-07,6.99,6.99
2017-10-08,6.99,6.99
2017-10-09,6.95,6.95
2017-10-10,7.39,7.39
2017-10-11,7.38,7.38
2017-10-12,7.41,7.41
2017-10-13,7.32,7.32
2017-10-14,7.32,7.32
2017-10-15,7.32,7.32
2017-10-16,7.36,7.36
2017-10-17,7.47,7.42
2017-10-18,7.65,7.81
2017-10-19,7.65,7.65
2017-10-20,7.57,7.57
2017-10-21,7.57,7.57
2017-10-22,7.57,7.57
2017-10-23,7.44,7.44
2017-10-24,7.47,7.47
2017-10-25,7.4,7.4
2017-10-26,7.2,7.2
2017-10-27,7.23,7.17
2017-10-28,7.23,7.17
2017-10-29,7.23,7.17
2017-10-30,7.25,7.14
2017-10-31,7.37,7.37
2017-11-01,7.51,7.51
2017-11-02,7.66,7.66
2017-11-03,7.88,7.88
2017-11-04,7.88,7.88
2017-11-05,7.88,7.88
2017-11-06,7.92,7.92
2017-11-07,7.75,7.75
2017-11-08,7.72,7.72
2017-11-09,7.55,7.55
2017-11-10,7.4,7.4
2017-11-11,7.4,7.4
2017-11-12,7.4,7.4
2017-11-13,7.35,7.35
2017-11-14,7.39,7.39
2017-11-15,7.69,7.69
2017-11-16,7.5,7.5
2017-11-17,7.48,7.48
2017-11-18,7.48,7.48
2017-11-19,7.48,7.48
2017-11-20,7.35,7.44
2017-11-21,7.39,7.39
2017-11-22,7.37,7.37
2017-11-23,7.66,7.66
2017-11-24,7.7,7.77
2017-11-25,7.7,7.77
2017-11-26,7.7,7.77
2017-11-27,7.72,7.7
2017-11-28,7.71,7.59
2017-11-29,7.57,7.7
2017-11-30,7.68,7.53
2017-12-01,7.55,7.68
2017-12-02,7.55,7.68
2017-12-03,7.55,7.68
2017-12-04,7.71,7.55
2017-12-05,7.55,7.43
2017-12-06,7.43,7.27
2017-12-07,7.26,7.35
2017-12-08,7.34,7.14
2017-12-09,7.34,7.14
2017-12-10,7.34,7.14
2017-12-11,7.12,7.2
2017-12-12,7.24,7.14
2017-12-13,7.13,7.07
2017-12-14,7.13,7.09
2017-12-15,7.09,7.18
2017-12-16,7.09,7.18
2017-12-17,7.09,7.18
2017-12-18,7.2,7.39
2017-12-19,7.5,7.5
2017-12-20,7.77,7.77
2017-12-21,7.98,7.98
2017-12-22,8.15,8.15
2017-12-23,8.15,8.15
2017-12-24,8.15,8.15
2017-12-25,8.15,8.15
2017-12-26,8.15,8.15
2017-12-27,8.13,8.13
2017-12-28,8.17,8.17
2017-12-29,8.14,8.14
2017-12-30,8.14,8.14
2017-12-31,8.14,8.14
2018-01-01,8.14,8.14
2018-01-02,7.78,7.78
2018-01-03,7.8,7.8
2018-01-04,7.74,7.74
2018-01-05,7.75,7.75
2018-01-06,7.75,7.75
2018-01-07,7.75,7.75
2018-01-08,7.62,7.62
2018-01-09,7.75,7.75
2018-01-10,7.86,7.86
2018-01-11,7.79,7.79
2018-01-12,7.83,7.83
2018-01-13,7.83,7.83
2018-01-14,7.83,7.83
2018-01-15,7.77,7.77
2018-01-16,7.92,8.02
2018-01-17,8.15,8.15
2018-01-18,8.46,8.46
2018-01-19,8.7,8.73
2018-01-20,8.7,8.73
2018-01-21,8.7,8.73
2018-01-22,8.72,8.72
2018-01-23,8.98,8.98
2018-01-24,9.42,9.42
2018-01-25,9.35,9.21
2018-01-26,9.06,9.06
2018-01-27,9.06,9.06
2018-01-28,9.06,9.06
2018-01-29,9.08,8.97
2018-01-30,8.86,8.86
2018-01-31,9.25,9.25
2018-02-01,9.24,9.24
2018-02-02,8.93,8.93
2018-02-03,8.93,8.93
2018-02-04,8.93,8.93
2018-02-05,9.05,9.05
2018-02-06,8.78,8.78
2018-02-07,8.97,8.97
2018-02-08,9.1,9.1
2018-02-09,9.21,9.21
2018-02-10,9.21,9.21
2018-02-11,9.21,9.21
2018-02-12,9.46,9.46
2018-02-13,9.87,9.87
2018-02-14,9.58,9.58
2018-02-15,9.52,9.52
2018-02-16,9.5,9.5
2018-02-17,9.5,9.5
2018-02-18,9.5,9.5
2018-02-19,9.86,9.86
2018-02-20,9.7,9.7
2018-02-21,9.54,9.54
2018-02-22,9.7,9.7
2018-02-23,9.79,9.79
2018-02-24,9.79,9.79
2018-02-25,9.79,9.79
2018-02-26,9.59,9.61
2018-02-27,9.56,10.13
2018-02-28,10.13,10.08
2018-03-01,10.08,9.97
2018-03-02,9.95,10.12
2018-03-03,9.95,10.12
2018-03-04,9.95,10.12
2018-03-05,10.02,10.34
2018-03-06,10.27,10.45
2018-03-07,10.38,10.62
2018-03-08,10.7,11.1
2018-03-09,11.16,11.1
2018-03-10,11.16,11.1
2018-03-11,11.16,11.1
2018-03-12,11.33,11.06
2018-03-13,10.95,11.38
2018-03-14,11.24,11.16
2018-03-15,11.17,11.16
2018-03-16,11.14,11.15
2018-03-17,11.14,11.15
2018-03-18,11.14,11.15
2018-03-19,10.99,11.04
2018-03-20,11.52,11.52
2018-03-21,12.62,12.62
2018-03-22,12.31,12.31
2018-03-23,12.58,12.58
2018-03-24,12.58,12.58
2018-03-25,12.58,12.58
2018-03-26,12.96,12.96
2018-03-27,13.65,13.65
2018-03-28,12.96,12.96
2018-03-29,13.26,13.26
2018-03-30,13.26,13.26
2018-03-31,13.26,13.26
2018-04-01,13.26,13.26
2018-04-02,13.26,13.26
2018-04-03,13.27,13.27
2018-04-04,13.02,13.02
2018-04-05,12.61,12.61
2018-04-06,12.96,12.96
2018-04-07,12.96,12.96
2018-04-08,12.96,12.96
2018-04-09,13.3,13.3
2018-04-10,13.34,13.34
2018-04-11,13.39,13.39
2018-04-12,13.55,13.55
2018-04-13,13.9,13.9
2018-04-14,13.9,13.9
2018-04-15,13.9,13.9
2018-04-16,14.11,13.95
2018-04-17,13.7,13.7
2018-04-18,13.85,13.85
2018-04-19,13.42,13.42
2018-04-20,12.77,13.01
2018-04-21,12.77,13.01
2018-04-22,12.77,13.01
2018-04-23,12.95,12.85
2018-04-24,12.96,13.18
2018-04-25,13.0,13.21
2018-04-26,13.44,13.44
2018-04-27,13.51,13.51
2018-04-28,13.51,13.51
2018-04-29,13.51,13.51
2018-04-30,13.54,13.54
2018-05-01,13.34,13.34
2018-05-02,13.02,13.02
2018-05-03,12.88,12.92
2018-05-04,12.98,12.98
2018-05-05,12.98,12.98
2018-05-06,12.98,12.98
2018-05-07,13.58,13.58
2018-05-08,13.56,13.56
2018-05-09,14.03,13.96
2018-05-10,14.57,14.57
2018-05-11,14.7,14.6
2018-05-12,14.7,14.6
2018-05-13,14.7,14.6
2018-05-14,14.6,14.6
2018-05-15,14.64,14.29
2018-05-16,14.93,15.15
2018-05-17,15.05,15.27
2018-05-18,15.22,15.22
2018-05-19,15.22,15.22
2018-05-20,15.22,15.22
2018-05-21,15.35,15.53
2018-05-22,15.64,15.92
2018-05-23,15.73,15.98
2018-05-24,16.21,16.26
2018-05-25,16.15,15.97
2018-05-26,16.15,15.97
2018-05-27,16.15,15.97
2018-05-28,16.28,16.28
2018-05-29,16.49,16.27
2018-05-30,16.09,15.81
2018-05-31,15.65,14.88
2018-06-01,14.94,15.26
2018-06-02,14.94,15.26
2018-06-03,14.94,15.26
2018-06-04,15.39,16.1
2018-06-05,16.46,15.74
2018-06-06,16.05,15.9
2018-06-07,16.17,15.97
2018-06-08,15.79,15.79
2018-06-09,15.79,15.79
2018-06-10,15.79,15.79
2018-06-11,15.64,15.46
2018-06-12,15.54,15.12
2018-06-13,15.2,15.28
2018-06-14,15.35,14.88
2018-06-15,14.99,14.5
2018-06-16,14.99,14.5
2018-06-17,14.99,14.5
2018-06-18,14.39,14.57
2018-06-19,14.21,14.21
2018-06-20,14.34,14.47
2018-06-21,14.78,14.78
2018-06-22,15.09,15.09
2018-06-23,15.09,15.09
2018-06-24,15.09,15.09
2018-06-25,14.99,14.99
2018-06-26,14.99,14.99
2018-06-27,15.21,15.21
2018-06-28,14.96,14.96
2018-06-29,14.95,14.95
2018-06-30,14.95,14.95
2018-07-01,14.95,14.95
2018-07-02,15.03,15.03
2018-07-03,15.06,15.06
2018-07-04,15.48,15.48
2018-07-05,15.45,15.64
2018-07-06,15.66,15.66
2018-07-07,15.66,15.66
2018-07-08,15.66,15.66
2018-07-09,15.96,15.96
2018-07-10,16.01,16.01
2018-07-11,16.28,16.28
2018-07-12,16.05,16.05
2018-07-13,16.02,16.02
2018-07-14,16.02,16.02
2018-07-15,16.02,16.02
2018-07-16,15.89,15.89
2018-07-17,16.04,16.04
2018-07-18,16.37,16.37
2018-07-19,16.82,16.82
2018-07-20,17.03,17.03
2018-07-21,17.03,17.03
2018-07-22,17.03,17.03
2018-07-23,17.35,17.35
2018-07-24,17.06,17.06
2018-07-25,17.3,17.3
2018-07-26,17.25,17.25
2018-07-27,17.08,17.08
2018-07-28,17.08,17.08
2018-07-29,17.08,17.08
2018-07-30,17.0,17.0
2018-07-31,17.36,17.36
2018-08-01,17.74,17.74
2018-08-02,17.59,17.59
2018-08-03,17.63,17.63
2018-08-04,17.63,17.63
2018-08-05,17.63,17.63
2018-08-06,17.53,17.53
2018-08-07,17.47,17.47
2018-08-08,17.36,17.36
2018-08-09,17.56,17.56
2018-08-10,17.85,17.85
2018-08-11,17.85,17.85
2018-08-12,17.85,17.85
2018-08-13,17.95,18.02
2018-08-14,18.12,18.12
2018-08-15,18.05,18.05
2018-08-16,18.03,17.95
2018-08-17,18.13,18.1
2018-08-18,18.13,18.1
2018-08-19,18.13,18.1
2018-08-20,18.45,18.45
2018-08-21,18.45,18.45
2018-08-22,18.45,18.45
2018-08-23,18.45,18.45
2018-08-24,18.45,18.45
2018-08-25,18.45,18.45
2018-08-26,18.45,18.45
2018-08-27,21.28,21.28
2018-08-28,21.37,20.65
2018-08-29,20.96,21.02
2018-08-30,21.04,21.13
2018-08-31,21.15,21.06
2018-09-01,21.15,21.06
2018-09-02,21.15,21.06
2018-09-03,20.5,20.12
2018-09-04,20.6,20.14
2018-09-05,20.06,20.34
2018-09-06,21.1,21.44
2018-09-07,22.44,23.19
2018-09-08,22.44,23.19
2018-09-09,22.44,23.19
2018-09-10,25.0,25.19
2018-09-11,24.13,24.13
2018-09-12,23.48,22.92
2018-09-13,22.34,18.87
2018-09-14,18.55,19.94
2018-09-15,18.55,19.94
2018-09-16,18.55,19.94
2018-09-17,20.82,20.9
2018-09-18,20.19,20.19
2018-09-19,19.85,21.43
2018-09-20,21.98,21.98
2018-09-21,22.08,22.08
2018-09-22,22.08,22.08
2018-09-23,22.08,22.08
2018-09-24,22.79,22.37
2018-09-25,21.19,21.19
2018-09-26,20.18,20.18
2018-09-27,20.77,20.77
2018-09-28,21.16,21.16
2018-09-29,21.16,21.16
2018-09-30,21.16,21.16
2018-10-01,21.32,21.32
2018-10-02,21.45,20.95
2018-10-03,21.14,21.14
2018-10-04,21.5,21.3
2018-10-05,22.11,22.11
2018-10-06,22.11,22.11
2018-10-07,22.11,22.11
2018-10-08,22.27,21.89
2018-10-09,21.56,20.75
2018-10-10,19.43,19.43
2018-10-11,19.85,19.85
2018-10-12,20.35,20.35
2018-10-13,20.35,20.35
2018-10-14,20.35,20.35
2018-10-15,18.57,18.57
2018-10-16,19.28,19.28
2018-10-17,19.32,19.26
2018-10-18,19.73,19.73
2018-10-19,19.7,19.7
2018-10-20,19.7,19.7
2018-10-21,19.7,19.7
2018-10-22,19.09,19.0
2018-10-23,19.23,19.23
2018-10-24,19.61,19.61
2018-10-25,18.83,19.08
2018-10-26,18.95,18.28
2018-10-27,18.95,18.28
2018-10-28,18.95,18.28
2018-10-29,16.68,16.68
2018-10-30,16.02,16.02
2018-10-31,16.36,16.36
2018-11-01,15.8,15.62
2018-11-02,15.87,17.08
2018-11-03,15.87,17.08
2018-11-04,15.87,17.08
2018-11-05,17.23,17.23
2018-11-06,17.56,17.57
2018-11-07,18.37,18.62
2018-11-08,19.56,19.56
2018-11-09,19.5,19.5
2018-11-10,19.5,19.5
2018-11-11,19.5,19.5
2018-11-12,20.12,20.5
2018-11-13,20.14,20.14
2018-11-14,19.74,19.74
2018-11-15,18.83,19.0
2018-11-16,19.11,19.11
2018-11-17,19.11,19.11
2018-11-18,19.11,19.11
2018-11-19,18.93,18.93
2018-11-20,19.54,19.46
2018-11-21,20.49,20.49
2018-11-22,20.92,20.92
2018-11-23,21.1,20.21
2018-11-24,21.1,20.21
2018-11-25,21.1,20.21
2018-11-26,19.79,19.83
2018-11-27,19.8,19.6
2018-11-28,19.71,19.29
2018-11-29,19.21,20.02
2018-11-30,20.08,20.5
2018-12-01,20.08,20.5
2018-12-02,20.08,20.5
2018-12-03,20.59,20.63
2018-12-04,20.6,20.73
2018-12-05,20.66,19.67
2018-12-06,19.4,19.99
2018-12-07,20.02,20.29
2018-12-08,20.02,20.29
2018-12-09,20.02,20.29
2018-12-10,20.2,20.86
2018-12-11,20.9,20.16
2018-12-12,20.04,21.47
2018-12-13,21.55,22.32
2018-12-14,22.26,23.37
2018-12-15,22.26,23.37
2018-12-16,22.26,23.37
2018-12-17,23.34,24.26
2018-12-18,24.1,24.03
2018-12-19,24.32,24.32
2018-12-20,24.0,24.17
2018-12-21,24.6,24.6
2018-12-22,24.6,24.6
2018-12-23,24.6,24.6
2018-12-24,24.84,24.84
2018-12-25,24.84,24.84
2018-12-26,24.84,24.84
2018-12-27,24.45,24.67
2018-12-28,24.65,24.64
2018-12-29,24.65,24.64
2018-12-30,24.65,24.64
2018-12-31,24.67,24.67
2019-01-01,24.67,24.67
2019-01-02,24.55,25.0
2019-01-03,23.04,23.04
2019-01-04,23.4,23.5
2019-01-05,23.4,23.5
2019-01-06,23.4,23.5
2019-01-07,22.11,22.07
2019-01-08,22.58,22.66
2019-01-09,21.86,21.86
2019-01-10,21.78,21.94
2019-01-11,22.24,22.59
2019-01-12,22.24,22.59
2019-01-13,22.24,22.59
2019-01-14,22.4,22.4
2019-01-15,22.61,22.47
2019-01-16,22.92,23.23
2019-01-17,23.65,23.49
2019-01-18,23.61,24.68
2019-01-19,23.61,24.68
2019-01-20,23.61,24.68
2019-01-21,24.28,24.28
2019-01-22,25.01,25.01
2019-01-23,24.53,24.53
2019-01-24,23.89,23.89
2019-01-25,23.47,23.76
2019-01-26,23.47,23.76
2019-01-27,23.47,23.76
2019-01-28,22.77,22.6
2019-01-29,23.23,23.23
2019-01-30,22.83,22.9
2019-01-31,22.15,22.15
2019-02-01,21.84,21.84
2019-02-02,21.84,21.84
2019-02-03,21.84,21.84
2019-02-04,21.46,22.91
2019-02-05,23.02,23.02
2019-02-06,23.55,23.55
2019-02-07,23.87,23.33
2019-02-08,23.38,22.23
2019-02-09,23.38,22.23
2019-02-10,23.38,22.23
2019-02-11,21.92,22.26
2019-02-12,21.87,20.58
2019-02-13,20.21,20.83
2019-02-14,20.31,19.67
2019-02-15,19.94,20.3
2019-02-16,19.94,20.3
2019-02-17,19.94,20.3
2019-02-18,19.89,19.89
2019-02-19,20.28,20.09
2019-02-20,20.36,20.36
2019-02-21,19.17,18.7
2019-02-22,18.54,18.84
2019-02-23,18.54,18.84
2019-02-24,18.54,18.84
2019-02-25,18.61,19.14
2019-02-26,19.54,19.56
2019-02-27,20.1,21.17
2019-02-28,20.99,21.59
2019-03-01,21.65,22.18
2019-03-02,21.65,22.18
2019-03-03,21.65,22.18
2019-03-04,21.97,23.03
2019-03-05,23.27,22.83
2019-03-06,22.82,22.04
2019-03-07,22.0,23.17
2019-03-08,23.29,22.91
2019-03-09,23.29,22.91
2019-03-10,23.29,22.91
2019-03-11,22.76,22.18
2019-03-12,22.79,22.22
2019-03-13,21.97,22.17
2019-03-14,22.72,22.63
2019-03-15,22.86,22.36
2019-03-16,22.86,22.36
2019-03-17,22.86,22.36
2019-03-18,22.19,21.71
2019-03-19,21.78,21.01
2019-03-20,20.76,21.53
2019-03-21,21.29,20.83
2019-03-22,20.81,20.56
2019-03-23,20.81,20.56
2019-03-24,20.81,20.56
2019-03-25,20.56,20.83
2019-03-26,21.29,21.44
2019-03-27,21.75,21.75
2019-03-28,21.68,22.16
2019-03-29,21.44,21.44
2019-03-30,21.44,21.44
2019-03-31,21.44,21.44
2019-04-01,21.82,21.82
2019-04-02,21.75,21.93
2019-04-03,22.53,23.09
2019-04-04,23.86,24.37
2019-04-05,24.53,24.53
2019-04-06,24.53,24.53
2019-04-07,24.53,24.53
2019-04-08,24.13,24.25
2019-04-09,24.46,25.46
2019-04-10,26.43,26.05
2019-04-11,27.24,27.24
2019-04-12,26.5,26.5
2019-04-13,26.5,26.5
2019-04-14,26.5,26.5
2019-04-15,26.95,26.73
2019-04-16,26.6,26.92
2019-04-17,27.38,27.38
2019-04-18,27.32,26.81
2019-04-19,27.32,26.81
2019-04-20,27.32,26.81
2019-04-21,27.32,26.81
2019-04-22,26.81,26.81
2019-04-23,27.2,27.45
2019-04-24,27.33,27.33
2019-04-25,27.21,27.21
2019-04-26,26.04,25.78
2019-04-27,26.04,25.78
2019-04-28,26.04,25.78
2019-04-29,26.29,26.3
2019-04-30,26.2,26.2
2019-05-01,25.69,25.69
2019-05-02,24.62,24.62
2019-05-03,25.12,25.12
2019-05-04,25.12,25.12
2019-05-05,25.12,25.12
2019-05-06,25.25,25.25
2019-05-07,26.32,26.32
2019-05-08,26.82,26.82
2019-05-09,26.42,26.42
2019-05-10,25.54,25.54
2019-05-11,25.54,25.54
2019-05-12,25.54,25.54
2019-05-13,24.95,24.95
2019-05-14,25.81,25.81
2019-05-15,25.89,25.89
2019-05-16,25.49,25.49
2019-05-17,25.3,24.92
2019-05-18,25.3,24.92
2019-05-19,25.3,24.92
2019-05-20,25.12,25.12
2019-05-21,24.93,25.32
2019-05-22,26.3,26.3
2019-05-23,26.0,25.99
2019-05-24,25.83,25.4
2019-05-25,25.83,25.4
2019-05-26,25.83,25.4
2019-05-27,25.51,25.51
2019-05-28,25.38,25.4
2019-05-29,25.45,25.45
2019-05-30,25.38,25.22
2019-05-31,24.39,24.39
2019-06-01,24.39,24.39
2019-06-02,24.39,24.39
2019-06-03,23.67,23.67
2019-06-04,23.93,24.49
2019-06-05,24.18,24.18
2019-06-06,23.91,23.91
2019-06-07,24.44,24.44
2019-06-08,24.44,24.44
2019-06-09,24.44,24.44
2019-06-10,25.13,25.13
2019-06-11,25.17,24.91
2019-06-12,24.75,24.75
2019-06-13,24.84,24.9
2019-06-14,24.7,24.99
2019-06-15,24.7,24.99
2019-06-16,24.7,24.99
2019-06-17,24.85,24.96
2019-06-18,24.86,25.05
2019-06-19,25.18,24.89
2019-06-20,24.95,25.03
2019-06-21,25.02,25.24
2019-06-22,25.02,25.24
2019-06-23,25.02,25.24
2019-06-24,25.59,26.31
2019-06-25,26.37,26.37
2019-06-26,27.35,27.35
2019-06-27,26.85,26.85
2019-06-28,26.63,26.24
2019-06-29,26.63,26.24
2019-06-30,26.63,26.24
2019-07-01,26.87,26.87
2019-07-02,26.68,26.68
2019-07-03,26.47,26.47
2019-07-04,26.33,25.97
2019-07-05,26.09,26.34
2019-07-06,26.09,26.34
2019-07-07,26.09,26.34
2019-07-08,26.77,26.77
2019-07-09,26.72,26.52
2019-07-10,27.45,28.15
2019-07-11,28.26,28.26
2019-07-12,28.76,28.76
2019-07-13,28.76,28.76
2019-07-14,28.76,28.76
2019-07-15,29.02,29.02
2019-07-16,29.28,28.44
2019-07-17,28.33,28.43
2019-07-18,27.97,27.74
2019-07-19,28.24,28.85
2019-07-20,28.24,28.85
2019-07-21,28.24,28.85
2019-07-22,28.59,28.95
2019-07-23,29.77,29.77
2019-07-24,29.85,29.15
2019-07-25,28.98,28.98
2019-07-26,28.25,28.25
2019-07-27,28.25,28.25
2019-07-28,28.25,28.25
2019-07-29,28.38,28.38
2019-07-30,27.87,27.87
2019-07-31,27.95,27.95
2019-08-01,28.93,29.42
2019-08-02,29.0,29.23
2019-08-03,29.0,29.23
2019-08-04,29.0,29.23
2019-08-05,28.67,28.67
2019-08-06,28.38,28.38
2019-08-07,28.41,28.25
2019-08-08,28.51,28.51
2019-08-09,28.73,28.1
2019-08-10,28.73,28.1
2019-08-11,28.73,28.1
2019-08-12,26.68,26.68
2019-08-13,27.08,27.08
2019-08-14,26.42,26.89
2019-08-15,26.35,25.97
2019-08-16,25.95,25.95
2019-08-17,25.95,25.95
2019-08-18,25.95,25.95
2019-08-19,26.55,26.55
2019-08-20,26.73,26.24
2019-08-21,26.01,26.01
2019-08-22,25.97,25.65
2019-08-23,25.08,25.08
2019-08-24,25.08,25.08
2019-08-25,25.08,25.08
2019-08-26,25.82,25.82
2019-08-27,25.4,25.4
2019-08-28,26.0,26.0
2019-08-29,26.45,26.45
2019-08-30,26.31,26.31
2019-08-31,26.31,26.31
2019-09-01,26.31,26.31
2019-09-02,25.18,25.18
2019-09-03,25.22,25.22
2019-09-04,25.8,25.52
2019-09-05,25.53,25.53
2019-09-06,25.08,25.08
2019-09-07,25.08,25.08
2019-09-08,25.08,25.08
2019-09-09,25.25,25.01
2019-09-10,26.72,26.72
2019-09-11,26.27,26.27
2019-09-12,26.43,26.43
2019-09-13,26.35,26.37
2019-09-14,26.35,26.37
2019-09-15,26.35,26.37
2019-09-16,26.75,27.02
2019-09-17,26.66,26.2
2019-09-18,25.93,25.44
2019-09-19,25.62,25.94
2019-09-20,26.51,26.51
2019-09-21,26.51,26.51
2019-09-22,26.51,26.51
2019-09-23,25.78,25.78
2019-09-24,25.52,25.52
2019-09-25,25.19,25.19
2019-09-26,25.27,25.62
2019-09-27,25.29,25.29
2019-09-28,25.29,25.29
2019-09-29,25.29,25.29
2019-09-30,24.72,24.72
2019-10-01,25.04,25.04
2019-10-02,24.2,24.2
2019-10-03,23.93,23.24
2019-10-04,22.94,22.94
2019-10-05,22.94,22.94
2019-10-06,22.94,22.94
2019-10-07,23.41,23.41
2019-10-08,22.53,22.53
2019-10-09,22.65,22.65
2019-10-10,23.26,23.26
2019-10-11,23.89,24.44
2019-10-12,23.89,24.44
2019-10-13,23.89,24.44
2019-10-14,24.15,24.15
2019-10-15,24.65,25.71
2019-10-16,26.3,26.3
2019-10-17,26.06,26.06
2019-10-18,25.87,25.87
2019-10-19,25.87,25.87
2019-10-20,25.87,25.87
2019-10-21,25.92,25.92
2019-10-22,25.65,25.65
2019-10-23,24.75,24.75
2019-10-24,24.71,25.44
2019-10-25,24.96,24.96
2019-10-26,24.96,24.96
2019-10-27,24.96,24.96
2019-10-28,25.11,25.11
2019-10-29,25.44,25.44
2019-10-30,25.99,25.99
2019-10-31,25.6,25.6
2019-11-01,25.28,25.28
2019-11-02,25.28,25.28
2019-11-03,25.28,25.28
2019-11-04,25.62,25.62
2019-11-05,25.5,25.5
2019-11-06,24.78,24.78
2019-11-07,24.99,24.93
2019-11-08,24.83,24.83
2019-11-09,24.83,24.83
2019-11-10,24.83,24.83
2019-11-11,24.92,24.92
2019-11-12,24.11,24.11
2019-11-13,24.38,24.38
2019-11-14,24.15,23.95
2019-11-15,23.84,23.84
2019-11-16,23.84,23.84
2019-11-17,23.84,23.84
2019-11-18,23.38,23.38
2019-11-19,23.43,23.43
2019-11-20,24.02,24.02
2019-11-21,23.99,23.93
2019-11-22,24.57,24.57
2019-11-23,24.57,24.57
2019-11-24,24.57,24.57
2019-11-25,24.43,24.43
2019-11-26,24.31,24.38
2019-11-27,24.34,25.11
2019-11-28,25.13,25.01
2019-11-29,25.13,25.22
2019-11-30,25.13,25.22
2019-12-01,25.13,25.22
2019-12-02,25.23,24.33
2019-12-03,24.3,24.0
2019-12-04,23.95,24.74
2019-12-05,24.8,24.69
2019-12-06,24.6,24.94
2019-12-07,24.6,24.94
2019-12-08,24.6,24.94
2019-12-09,24.93,25.13
2019-12-10,25.1,24.94
2019-12-11,24.9,24.48
2019-12-12,24.37,25.07
2019-12-13,25.4,24.02
2019-12-14,25.4,24.02
2019-12-15,25.4,24.02
2019-12-16,24.09,24.86
2019-12-17,25.48,25.94
2019-12-18,26.09,26.46
2019-12-19,26.73,26.73
2019-12-20,26.55,26.55
2019-12-21,26.55,26.55
2019-12-22,26.55,26.55
2019-12-23,26.75,26.42
2019-12-24,25.96,25.96
2019-12-25,25.96,25.96
2019-12-26,25.96,25.96
2019-12-27,26.71,26.58
2019-12-28,26.71,26.58
2019-12-29,26.71,26.58
2019-12-30,26.04,24.96
2019-12-31,24.51,24.51
2020-01-01,24.51,24.51
2020-01-02,24.5,24.26
2020-01-03,24.61,24.88
2020-01-04,24.61,24.88
2020-01-05,24.61,24.88
2020-01-06,24.23,24.13
2020-01-07,24.1,24.45
2020-01-08,24.05,23.97
2020-01-09,24.08,24.58
2020-01-10,24.8,24.12
2020-01-11,24.8,24.12
2020-01-12,24.8,24.12
2020-01-13,24.1,24.06
2020-01-14,23.58,23.77
2020-01-15,24.43,24.43
2020-01-16,24.77,24.77
2020-01-17,25.27,25.36
2020-01-18,25.27,25.36
2020-01-19,25.27,25.36
2020-01-20,25.2,25.08
2020-01-21,25.12,24.85
2020-01-22,25.0,24.94
2020-01-23,24.88,24.63
2020-01-24,24.64,24.31
2020-01-25,24.64,24.31
2020-01-26,24.64,24.31
2020-01-27,24.17,24.51
2020-01-28,24.58,24.58
2020-01-29,23.92,23.92
2020-01-30,23.8,23.65
2020-01-31,23.63,23.81
2020-02-01,23.63,23.81
2020-02-02,23.63,23.81
2020-02-03,23.15,23.15
2020-02-04,23.3,23.3
2020-02-05,23.71,23.71
2020-02-06,23.5,23.5
2020-02-07,23.45,23.26
2020-02-08,23.45,23.26
2020-02-09,23.45,23.26
2020-02-10,23.11,23.11
2020-02-11,23.22,23.25
2020-02-12,23.83,23.83
2020-02-13,24.35,24.35
2020-02-14,24.24,24.24
2020-02-15,24.24,24.24
2020-02-16,24.24,24.24
2020-02-17,25.0,25.0
2020-02-18,25.03,25.09
2020-02-19,25.34,25.66
2020-02-20,25.59,25.59
2020-02-21,25.34,25.56
2020-02-22,25.34,25.56
2020-02-23,25.34,25.56
2020-02-24,24.53,24.53
2020-02-25,24.54,24.14
2020-02-26,23.75,24.22
2020-02-27,23.82,23.56
2020-02-28,23.28,23.57
2020-02-29,23.28,23.57
2020-03-01,23.28,23.57
2020-03-02,23.58,23.49
2020-03-03,23.27,23.33
2020-03-04,23.29,23.8
2020-03-05,24.08,23.77
2020-03-06,23.5,23.39
2020-03-07,23.5,23.39
2020-03-08,23.5,23.39
2020-03-09,22.8,23.25
2020-03-10,23.43,24.07
2020-03-11,24.08,23.89
2020-03-12,23.68,22.49
2020-03-13,22.81,21.89
2020-03-14,22.81,21.89
2020-03-15,22.81,21.89
2020-03-16,21.46,19.41
2020-03-17,19.84,18.25
2020-03-18,17.74,15.24
2020-03-19,16.1,16.31
2020-03-20,16.82,16.04
2020-03-21,16.82,16.04
2020-03-22,16.82,16.04
2020-03-23,15.33,15.45
2020-03-24,15.95,16.7
2020-03-25,16.96,17.41
2020-03-26,17.15,17.22
2020-03-27,16.8,16.26
2020-03-28,16.8,16.26
2020-03-29,16.8,16.26
2020-03-30,16.06,16.93
2020-03-31,17.56,17.56
2020-04-01,16.96,16.96
2020-04-02,17.45,17.95
2020-04-03,17.86,17.86
2020-04-04,17.86,17.86
2020-04-05,17.86,17.86
2020-04-06,20.3,20.3
2020-04-07,20.6,20.41
2020-04-08,21.04,21.04
2020-04-09,20.98,20.98
2020-04-10,20.98,20.98
2020-04-11,20.98,20.98
2020-04-12,20.98,20.98
2020-04-13,20.98,20.98
2020-04-14,20.49,19.73
2020-04-15,19.17,19.17
2020-04-16,20.85,20.85
2020-04-17,21.61,21.61
2020-04-18,21.61,21.61
2020-04-19,21.61,21.61
2020-04-20,21.29,21.29
2020-04-21,19.77,19.77
2020-04-22,19.72,20.57
2020-04-23,20.94,20.94
2020-04-24,20.66,20.66
2020-04-25,20.66,20.66
2020-04-26,20.66,20.66
2020-04-27,20.45,20.2
2020-04-28,20.14,20.14
2020-04-29,20.12,20.12
2020-04-30,19.5,19.5
2020-05-01,18.9,18.9
2020-05-02,18.9,18.9
2020-05-03,18.9,18.9
2020-05-04,19.28,19.28
2020-05-05,19.02,19.02
2020-05-06,18.99,18.93
2020-05-07,19.47,19.47
2020-05-08,19.28,19.28
2020-05-09,19.28,19.28
2020-05-10,19.28,19.28
2020-05-11,18.99,18.99
2020-05-12,18.89,18.45
2020-05-13,18.34,18.59
2020-05-14,18.76,18.76
2020-05-15,19.09,19.09
2020-05-16,19.09,19.09
2020-05-17,19.09,19.09
2020-05-18,19.39,20.26
2020-05-19,20.21,19.9
2020-05-20,19.89,21.19
2020-05-21,21.12,21.12
2020-05-22,21.33,21.33
2020-05-23,21.33,21.33
2020-05-24,21.33,21.33
2020-05-25,21.4,21.54
2020-05-26,21.52,21.53
2020-05-27,21.43,21.26
2020-05-28,21.29,21.19
2020-05-29,21.63,21.33
2020-05-30,21.63,21.33
2020-05-31,21.63,21.33
2020-06-01,20.9,20.9
2020-06-02,21.26,22.0
2020-06-03,21.95,22.01
2020-06-04,21.93,22.14
2020-06-05,22.1,23.17
2020-06-06,22.1,23.17
2020-06-07,22.1,23.17
2020-06-08,22.85,22.65
2020-06-09,22.52,22.42
2020-06-10,22.28,22.85
2020-06-11,22.52,22.21
2020-06-12,21.91,21.93
2020-06-13,21.91,21.93
2020-06-14,21.91,21.93
2020-06-15,21.74,22.1
2020-06-16,22.61,22.72
2020-06-17,22.75,22.69
2020-06-18,23.94,24.4
2020-06-19,24.46,24.09
2020-06-20,24.46,24.09
2020-06-21,24.46,24.09
2020-06-22,24.28,24.46
2020-06-23,25.17,25.35
2020-06-24,25.01,25.33
2020-06-25,25.04,25.11
2020-06-26,24.66,24.66
2020-06-27,24.66,24.66
2020-06-28,24.66,24.66
2020-06-29,26.55,26.55
2020-06-30,26.4,26.91
2020-07-01,27.65,27.65
2020-07-02,27.31,27.31
2020-07-03,27.85,27.85
2020-07-04,27.85,27.85
2020-07-05,27.85,27.85
2020-07-06,29.64,29.64
2020-07-07,29.32,29.32
2020-07-08,29.25,29.25
2020-07-09,28.54,28.54
2020-07-10,28.96,28.96
2020-07-11,28.96,28.96
2020-07-12,28.96,28.96
2020-07-13,30.17,29.27
2020-07-14,29.56,29.56
2020-07-15,28.75,28.75
2020-07-16,28.34,26.52
2020-07-17,27.74,27.74
2020-07-18,27.74,27.74
2020-07-19,27.74,27.74
2020-07-20,26.94,26.09
2020-07-21,25.89,26.54
2020-07-22,25.89,26.55
2020-07-23,26.6,27.25
2020-07-24,26.29,26.29
2020-07-25,26.29,26.29
2020-07-26,26.29,26.29
2020-07-27,25.61,24.93
2020-07-28,25.67,25.67
2020-07-29,26.13,26.13
2020-07-30,25.49,25.49
2020-07-31,26.22,26.22
2020-08-01,26.22,26.22
2020-08-02,26.22,26.22
2020-08-03,26.06,26.06
2020-08-04,26.77,26.77
2020-08-05,26.71,26.71
2020-08-06,27.07,26.33
2020-08-07,26.36,26.36
2020-08-08,26.36,26.36
2020-08-09,26.36,26.36
2020-08-10,26.66,26.66
2020-08-11,26.14,26.14
2020-08-12,25.92,25.92
2020-08-13,25.67,25.38
2020-08-14,25.42,25.42
2020-08-15,25.42,25.42
2020-08-16,25.42,25.42
2020-08-17,25.58,26.26
2020-08-18,26.51,26.51
2020-08-19,26.2,26.2
2020-08-20,25.88,25.88
2020-08-21,25.62,25.62
2020-08-22,25.62,25.62
2020-08-23,25.62,25.62
2020-08-24,27.45,27.45
2020-08-25,27.58,28.59
2020-08-26,28.48,28.6
2020-08-27,28.5,28.35
2020-08-28,29.5,29.5
2020-08-29,29.5,29.5
2020-08-30,29.5,29.5
2020-08-31,29.79,28.64
2020-09-01,28.53,27.72
2020-09-02,27.79,28.21
2020-09-03,28.2,28.72
2020-09-04,28.35,27.34
2020-09-05,28.35,27.34
2020-09-06,28.35,27.34
2020-09-07,27.45,27.04
2020-09-08,27.79,26.78
2020-09-09,26.89,27.19
2020-09-10,27.34,28.4
2020-09-11,28.38,28.24
2020-09-12,28.38,28.24
2020-09-13,28.38,28.24
2020-09-14,30.28,30.44
2020-09-15,30.73,29.76
2020-09-16,29.67,29.96
2020-09-17,28.81,28.41
2020-09-18,28.35,27.97
2020-09-19,28.35,27.97
2020-09-20,28.35,27.97
2020-09-21,27.55,26.38
2020-09-22,26.5,27.83
2020-09-23,26.48,26.48
2020-09-24,26.38,26.77
2020-09-25,26.15,26.15
2020-09-26,26.15,26.15
2020-09-27,26.15,26.15
2020-09-28,26.34,27.69
2020-09-29,26.76,26.76
2020-09-30,26.91,26.91
2020-10-01,26.56,26.49
2020-10-02,26.04,27.01
2020-10-03,26.04,27.01
2020-10-04,26.04,27.01
2020-10-05,26.92,26.92
2020-10-06,26.7,26.78
2020-10-07,26.89,26.89
2020-10-08,26.33,26.33
2020-10-09,26.19,25.71
2020-10-10,26.19,25.71
2020-10-11,26.19,25.71
2020-10-12,25.39,25.87
2020-10-13,25.29,25.21
2020-10-14,25.19,25.75
2020-10-15,24.88,24.96
2020-10-16,24.96,24.89
2020-10-17,24.96,24.89
2020-10-18,24.96,24.89
2020-10-19,24.86,24.98
2020-10-20,24.59,24.41
2020-10-21,24.19,23.57
2020-10-22,23.67,24.18
2020-10-23,25.49,25.49
2020-10-24,25.49,25.49
2020-10-25,25.49,25.49
2020-10-26,23.85,23.85
2020-10-27,24.06,24.06
2020-10-28,23.03,23.03
2020-10-29,22.91,23.66
2020-10-30,23.31,23.7
2020-10-31,23.31,23.7
2020-11-01,23.31,23.7
2020-11-02,23.67,23.67
2020-11-03,24.38,24.38
2020-11-04,24.07,25.11
2020-11-05,24.97,25.98
2020-11-06,25.43,25.42
2020-11-07,25.43,25.42
2020-11-08,25.43,25.42
2020-11-09,26.51,26.55
2020-11-10,26.23,26.23
2020-11-11,26.13,26.13
2020-11-12,25.92,25.92
2020-11-13,26.28,26.28
2020-11-14,26.28,26.28
2020-11-15,26.28,26.28
2020-11-16,27.39,27.39
2020-11-17,26.64,26.64
2020-11-18,27.19,27.19
2020-11-19,26.35,26.35
2020-11-20,26.81,26.74
2020-11-21,26.81,26.74
2020-11-22,26.81,26.74
2020-11-23,27.25,27.25
2020-11-24,27.23,27.63
2020-11-25,27.62,27.62
2020-11-26,28.01,28.1
2020-11-27,28.43,28.13
2020-11-28,28.43,28.13
2020-11-29,28.43,28.13
2020-11-30,29.04,29.13
2020-12-01,29.3,28.86
2020-12-02,28.99,29.55
2020-12-03,29.6,29.0
2020-12-04,28.9,30.11
2020-12-05,28.9,30.11
2020-12-06,28.9,30.11
2020-12-07,29.92,29.62
2020-12-08,29.55,29.57
2020-12-09,29.53,29.7
2020-12-10,29.69,30.9
2020-12-11,30.79,30.52
2020-12-12,30.79,30.52
2020-12-13,30.79,30.52
2020-12-14,30.52,30.81
2020-12-15,31.9,32.02
2020-12-16,31.7,31.63
2020-12-17,31.99,31.81
2020-12-18,31.52,30.95
2020-12-19,31.52,30.95
2020-12-20,31.52,30.95
2020-12-21,30.41,30.76
2020-12-22,30.47,31.01
2020-12-23,31.55,31.77
2020-12-24,32.2,32.04
2020-12-25,32.2,32.04
2020-12-26,32.2,32.04
2020-12-27,32.2,32.04
2020-12-28,32.9,33.29
2020-12-29,32.94,32.87
2020-12-30,32.05,32.05
2020-12-31,32.79,32.57
2021-01-01,32.79,32.57
2021-01-02,32.79,32.57
2021-01-03,32.79,32.57
2021-01-04,33.75,33.56
2021-01-05,32.84,32.84
2021-01-06,33.48,33.51
2021-01-07,33.87,34.64
2021-01-08,35.0,34.8
2021-01-09,35.0,34.8
2021-01-10,35.0,34.8
2021-01-11,34.17,34.42
2021-01-12,34.24,34.54
2021-01-13,34.5,33.54
2021-01-14,33.35,33.42
2021-01-15,32.33,31.64
2021-01-16,32.33,31.64
2021-01-17,32.33,31.64
2021-01-18,32.02,31.53
2021-01-19,32.07,32.99
2021-01-20,33.32,32.82
2021-01-21,32.75,34.02
2021-01-22,34.05,34.15
2021-01-23,34.05,34.15
2021-01-24,34.05,34.15
2021-01-25,34.09,33.08
2021-01-26,33.28,33.28
2021-01-27,32.79,33.21
2021-01-28,33.88,33.88
2021-01-29,32.88,32.88
2021-01-30,32.88,32.88
2021-01-31,32.88,32.88
2021-02-01,32.81,32.81
2021-02-02,34.93,34.93
2021-02-03,37.1,37.38
2021-02-04,37.34,37.22
2021-02-05,38.0,38.15
2021-02-06,38.0,38.15
2021-02-07,38.0,38.15
2021-02-08,38.8,38.56
2021-02-09,38.21,38.21
2021-02-10,37.7,39.28
2021-02-11,39.23,38.71
2021-02-12,38.17,39.97
2021-02-13,38.17,39.97
2021-02-14,38.17,39.97
2021-02-15,39.97,39.47
2021-02-16,39.75,38.82
2021-02-17,38.91,38.05
2021-02-18,38.0,38.28
2021-02-19,38.5,37.37
2021-02-20,38.5,37.37
2021-02-21,38.5,37.37
2021-02-22,37.19,37.92
2021-02-23,38.26,38.61
2021-02-24,38.56,39.09
2021-02-25,39.05,38.2
2021-02-26,37.8,37.23
2021-02-27,37.8,37.23
2021-02-28,37.8,37.23
2021-03-01,37.51,37.07
2021-03-02,36.92,38.29
2021-03-03,38.19,37.41
2021-03-04,37.56,38.1
2021-03-05,38.12,38.96
2021-03-06,38.12,38.96
2021-03-07,38.12,38.96
2021-03-08,39.17,39.07
2021-03-09,39.09,40.58
2021-03-10,40.62,41.47
2021-03-11,41.93,41.85
2021-03-12,41.74,42.77
2021-03-13,41.74,42.77
2021-03-14,41.74,42.77
2021-03-15,42.16,42.29
2021-03-16,42.17,41.47
2021-03-17,41.75,42.86
2021-03-18,43.24,42.28
2021-03-19,41.74,41.84
2021-03-20,41.74,41.84
2021-03-21,41.74,41.84
2021-03-22,41.86,42.72
2021-03-23,42.29,41.32
2021-03-24,40.79,41.49
2021-03-25,40.79,40.26
2021-03-26,41.0,41.63
2021-03-27,41.0,41.63
2021-03-28,41.0,41.63
2021-03-29,41.93,41.75
2021-03-30,42.22,41.95
2021-03-31,42.38,42.45
2021-04-01,42.5,42.37
2021-04-02,42.5,42.37
2021-04-03,42.5,42.37
2021-04-04,42.5,42.37
2021-04-05,42.37,42.37
2021-04-06,42.75,44.14
2021-04-07,43.88,43.76
2021-04-08,43.53,43.38
2021-04-09,43.6,43.56
2021-04-10,43.6,43.56
2021-04-11,43.6,43.56
2021-04-12,43.8,44.39
2021-04-13,44.34,43.76
2021-04-14,43.87,43.73
2021-04-15,43.84,44.08
2021-04-16,44.53,44.33
2021-04-17,44.53,44.33
2021-04-18,44.53,44.33
2021-04-19,44.5,44.26
2021-04-20,44.01,44.8
2021-04-21,44.89,45.81
2021-04-22,46.36,47.0
2021-04-23,46.63,46.86
2021-04-24,46.63,46.86
2021-04-25,46.63,46.86
2021-04-26,47.11,47.11
2021-04-27,46.45,47.2
2021-04-28,47.8,47.69
2021-04-29,47.48,47.92
2021-04-30,47.68,48.74
2021-05-01,47.68,48.74
2021-05-02,47.68,48.74
2021-05-03,49.5,49.31
2021-05-04,49.65,48.5
2021-05-05,48.63,49.33
2021-05-06,50.15,49.82
2021-05-07,49.83,50.33
2021-05-08,49.83,50.33
2021-05-09,49.83,50.33
2021-05-10,51.96,52.1
2021-05-11,52.41,52.91
2021-05-12,53.58,55.16
2021-05-13,54.07,54.34
2021-05-14,54.47,56.49
2021-05-15,54.47,56.49
2021-05-16,54.47,56.49
2021-05-17,56.4,56.16
2021-05-18,53.82,52.91
2021-05-19,51.1,49.56
2021-05-20,51.23,52.58
2021-05-21,53.2,51.65
2021-05-22,53.2,51.65
2021-05-23,53.2,51.65
2021-05-24,52.68,52.68
2021-05-25,53.24,53.24
2021-05-26,54.01,53.59
2021-05-27,52.38,51.76
2021-05-28,51.92,50.95
2021-05-29,51.92,50.95
2021-05-30,51.92,50.95
2021-05-31,51.92,50.95
2021-06-01,51.85,52.32
2021-06-02,51.91,51.32
2021-06-03,52.34,50.17
2021-06-04,50.22,49.9
2021-06-05,50.22,49.9
2021-06-06,50.22,49.9
2021-06-07,50.6,51.39
2021-06-08,51.8,52.09
2021-06-09,53.05,53.43
2021-06-10,53.38,53.7
2021-06-11,53.33,52.59
2021-06-12,53.33,52.59
2021-06-13,53.33,52.59
2021-06-14,53.16,52.81
2021-06-15,51.91,51.31
2021-06-16,51.13,51.25
2021-06-17,51.15,50.82
2021-06-18,51.81,51.81
2021-06-19,51.81,51.81
2021-06-20,51.81,51.81
2021-06-21,51.69,52.33
2021-06-22,52.92,53.31
2021-06-23,54.4,54.57
2021-06-24,55.05,54.99
2021-06-25,55.55,54.95
2021-06-26,55.55,54.95
2021-06-27,55.55,54.95
2021-06-28,55.4,55.4
2021-06-29,56.05,55.54
2021-06-30,55.83,56.26
2021-07-01,56.75,57.53
2021-07-02,57.73,57.25
2021-07-03,57.73,57.25
2021-07-04,57.73,57.25
2021-07-05,57.77,57.77
2021-07-06,55.81,53.92
2021-07-07,53.44,52.52
2021-07-08,51.19,52.26
2021-07-09,54.17,54.17
2021-07-10,54.17,54.17
2021-07-11,54.17,54.17
2021-07-12,52.71,51.62
2021-07-13,51.33,52.76
2021-07-14,51.96,53.28
2021-07-15,52.06,52.89
2021-07-16,53.33,52.79
2021-07-17,53.33,52.79
2021-07-18,53.33,52.79
2021-07-19,53.02,52.32
2021-07-20,52.16,51.13
2021-07-21,51.36,52.06
2021-07-22,50.73,50.72
2021-07-23,50.67,50.82
2021-07-24,50.67,50.82
2021-07-25,50.67,50.82
2021-07-26,52.26,53.12
2021-07-27,53.63,52.85
2021-07-28,54.01,53.78
2021-07-29,54.0,54.0
2021-07-30,53.28,53.28
2021-07-31,53.28,53.28
2021-08-01,53.28,53.28
2021-08-02,55.1,54.38
2021-08-03,55.05,54.14
2021-08-04,54.27,55.41
2021-08-05,54.58,55.93
2021-08-06,56.21,56.61
2021-08-07,56.21,56.61
2021-08-08,56.21,56.61
2021-08-09,57.1,56.57
2021-08-10,57.36,57.36
2021-08-11,58.05,57.73
2021-08-12,56.21,56.21
2021-08-13,55.68,55.33
2021-08-14,55.68,55.33
2021-08-15,55.68,55.33
2021-08-16,56.93,58.11
2021-08-17,57.81,57.18
2021-08-18,56.89,57.08
2021-08-19,56.43,53.45
2021-08-20,53.81,54.33
2021-08-21,53.81,54.33
2021-08-22,53.81,54.33
2021-08-23,55.9,55.3
2021-08-24,56.6,56.58
2021-08-25,56.5,56.05
2021-08-26,56.82,57.07
2021-08-27,58.42,58.96
2021-08-28,58.42,58.96
2021-08-29,58.42,58.96
2021-08-30,58.42,58.96
2021-08-31,60.55,60.72
2021-09-01,60.07,60.25
2021-09-02,61.48,60.68
2021-09-03,61.38,61.28
2021-09-04,61.38,61.28
2021-09-05,61.38,61.28
2021-09-06,62.27,62.32
2021-09-07,61.95,61.99
2021-09-08,62.41,62.3
2021-09-09,62.69,62.69
2021-09-10,62.49,60.86
2021-09-11,62.49,60.86
2021-09-12,62.49,60.86
2021-09-13,61.01,61.05
2021-09-14,59.8,59.82
2021-09-15,59.8,59.66
2021-09-16,59.26,58.81
2021-09-17,59.35,59.43
2021-09-18,59.35,59.43
2021-09-19,59.35,59.43
2021-09-20,60.63,60.53
2021-09-21,60.11,59.84
2021-09-22,60.54,60.48
2021-09-23,60.48,60.48
2021-09-24,59.88,62.88
2021-09-25,59.88,62.88
2021-09-26,59.88,62.88
2021-09-27,64.31,64.31
2021-09-28,61.92,62.09
2021-09-29,62.88,62.6
2021-09-30,61.74,61.75
2021-10-01,61.85,62.04
2021-10-02,61.85,62.04
2021-10-03,61.85,62.04
2021-10-04,63.4,63.54
2021-10-05,64.28,64.72
2021-10-06,65.05,59.12
2021-10-07,60.37,60.4
2021-10-08,59.9,58.33
2021-10-09,59.9,58.33
2021-10-10,59.9,58.33
2021-10-11,59.14,59.15
2021-10-12,58.93,59.25
2021-10-13,59.07,59.19
2021-10-14,61.44,61.37
2021-10-15,61.59,59.44
2021-10-16,61.59,59.44
2021-10-17,61.59,59.44
2021-10-18,57.41,58.56
2021-10-19,54.55,55.21
2021-10-20,57.78,57.66
2021-10-21,57.98,58.12
2021-10-22,58.04,58.27
2021-10-23,58.04,58.27
2021-10-24,58.04,58.27
2021-10-25,58.99,59.36
2021-10-26,59.81,59.79
2021-10-27,59.9,59.86
2021-10-28,58.57,58.71
2021-10-29,58.71,58.71
2021-10-30,58.71,58.71
2021-10-31,58.71,58.71
2021-11-01,56.94,56.9
2021-11-02,59.46,59.46
2021-11-03,59.82,59.75
2021-11-04,59.86,59.96
2021-11-05,59.7,59.39
2021-11-06,59.7,59.39
2021-11-07,59.7,59.39
2021-11-08,60.63,60.67
2021-11-09,60.41,60.32
2021-11-10,63.16,63.16
2021-11-11,63.7,63.64
2021-11-12,63.77,63.27
2021-11-13,63.77,63.27
2021-11-14,63.77,63.27
2021-11-15,65.93,66.74
2021-11-16,67.55,67.77
2021-11-17,67.16,67.16
2021-11-18,67.31,69.1
2021-11-19,69.2,69.36
2021-11-20,69.2,69.36
2021-11-21,69.2,69.36
2021-11-22,69.91,69.7
2021-11-23,69.17,69.33
2021-11-24,72.91,73.02
2021-11-25,74.46,75.0
2021-11-26,74.06,72.78
2021-11-27,74.06,72.78
2021-11-28,74.06,72.78
2021-11-29,73.52,74.21
2021-11-30,73.8,75.37
2021-12-01,75.67,76.81
2021-12-02,79.86,79.98
2021-12-03,79.97,78.25
2021-12-04,79.97,78.25
2021-12-05,79.97,78.25
2021-12-06,81.25,81.65
2021-12-07,84.91,85.41
2021-12-08,88.88,89.6
2021-12-09,80.4837,80.8871
2021-12-10,80.5975,83.4542
2021-12-11,80.5975,83.4542
2021-12-12,80.5975,83.4542
2021-12-13,85.82,81.8449
2021-12-14,83.1083,80.8021
2021-12-15,80.3605,81.1452
2021-12-16,81.9153,85.5454
2021-12-17,84.6062,74.5437
2021-12-18,84.6062,74.5437
2021-12-19,84.6062,74.5437
2021-12-20,74.2881,81.6404
2021-12-21,80.4702,79.341
2021-12-22,79.5205,77.7739
2021-12-23,77.6817,74.6977
2021-12-24,77.6817,74.6977
2021-12-25,77.6817,74.6977
2021-12-26,77.6817,74.6977
2021-12-27,76.1352,77.0278
2021-12-28,76.8465,79.3958
2021-12-29,79.0601,80.4558
2021-12-30,80.0328,80.0624
2021-12-31,80.0328,80.0624
2022-01-01,80.0328,80.0624
2022-01-02,80.0328,80.0624
2022-01-03,80.3816,83.981
2022-01-04,84.5648,86.419
2022-01-05,86.0156,88.247
2022-01-06,87.3686,87.4275
2022-01-07,87.4781,85.7034
2022-01-08,87.4781,85.7034
2022-01-09,87.4781,85.7034
2022-01-10,86.3826,81.7724
2022-01-11,81.8472,82.4174
2022-01-12,83.2177,80.7007
2022-01-13,80.155,81.4667
2022-01-14,83.3851,82.5751
2022-01-15,83.3851,82.5751
2022-01-16,83.3851,82.5751
2022-01-17,82.7051,80.1667
2022-01-18,80.3912,83.0218
2022-01-19,82.6529,81.8433
2022-01-20,81.3871,85.9067
2022-01-21,84.571,84.628
2022-01-22,84.571,84.628
2022-01-23,84.571,84.628
2022-01-24,84.3121,83.7643
2022-01-25,84.2541,87.6004
2022-01-26,87.0688,88.8237
2022-01-27,88.4321,89.5882
2022-01-28,89.8224,89.5864
2022-01-29,89.8224,89.5864
2022-01-30,89.8224,89.5864
2022-01-31,89.5193,89.9399
2022-02-01,89.5717,90.1906
2022-02-02,89.907,94.6501
2022-02-03,93.564,94.7377
2022-02-04,94.9217,96.7002
2022-02-05,94.9217,96.7002
2022-02-06,94.9217,96.7002
2022-02-07,95.9078,96.5414
2022-02-08,98.2892,96.0051
2022-02-09,95.9436,91.9423
2022-02-10,91.9766,91.4059
2022-02-11,89.7717,92.9386
2022-02-12,89.7717,92.9386
2022-02-13,89.7717,92.9386
2022-02-14,94.0147,92.168
2022-02-15,91.8078,90.4793
2022-02-16,90.4658,90.0444
2022-02-17,90.0512,86.5321
2022-02-18,86.7565,89.2744
2022-02-19,86.7565,89.2744
2022-02-20,86.7565,89.2744
2022-02-21,89.1101,89.5084
2022-02-22,89.6928,89.867
2022-02-23,89.8624,94.9741
2022-02-24,94.6647,87.354
2022-02-25,88.7679,87.9963
2022-02-26,88.7679,87.9963
2022-02-27,88.7679,87.9963
2022-02-28,82.7498,82.7439
2022-03-01,83.008,69.6958
2022-03-02,69.3588,67.8021
2022-03-03,67.2464,67.0606
2022-03-04,66.3586,65.8758
2022-03-05,66.3586,65.8758
2022-03-06,66.3586,65.8758
2022-03-07,62.7477,58.4402
2022-03-08,58.1588,68.3525
2022-03-09,68.2475,72.1548
2022-03-10,72.1746,74.8669
2022-03-11,74.5824,77.1388
2022-03-12,74.5824,77.1388
2022-03-13,74.5824,77.1388
2022-03-14,76.3784,77.6978
2022-03-15,76.7035,77.8527
2022-03-16,78.1702,79.0613
2022-03-17,78.9654,79.694
2022-03-18,79.717,78.6983
2022-03-19,79.717,78.6983
2022-03-20,79.717,78.6983
2022-03-21,78.583,79.2686
2022-03-22,79.2101,80.4042
2022-03-23,80.3747,76.5576
2022-03-24,76.6912,78.7857
2022-03-25,78.9058,78.8451
2022-03-26,78.9058,78.8451
2022-03-27,78.9058,78.8451
2022-03-28,78.1442,80.6997
2022-03-29,80.7761,81.2466
2022-03-30,81.2657,78.4776
2022-03-31,78.9662,76.9999
2022-04-01,77.026,78.4691
2022-04-02,77.026,78.4691
2022-04-03,77.026,78.4691
2022-04-04,78.5316,79.1319
2022-04-05,78.9255,78.5433
2022-04-06,78.2912,77.2486
2022-04-07,76.7659,80.1637
2022-04-08,79.62,80.1543
2022-04-09,79.62,80.1543
2022-04-10,79.62,80.1543
2022-04-11,79.6332,78.0085
2022-04-12,77.9954,79.1292
2022-04-13,78.8089,78.1314
2022-04-14,77.6996,80.0659
2022-04-15,77.6996,80.0659
2022-04-16,77.6996,80.0659
2022-04-17,77.6996,80.0659
2022-04-18,77.6996,80.0659
2022-04-19,80.2793,80.1924
2022-04-20,80.057,87.0534
2022-04-21,86.4187,86.5823
2022-04-22,86.3884,88.9984
2022-04-23,86.3884,88.9984
2022-04-24,86.3884,88.9984
2022-04-25,88.115,83.8201
2022-04-26,84.4282,82.1557
2022-04-27,80.0801,81.4038
2022-04-28,81.5246,83.6692
2022-04-29,83.0796,83.9076
2022-04-30,83.0796,83.9076
2022-05-01,83.0796,83.9076
2022-05-02,83.2214,83.0254
2022-05-03,83.1832,88.3867
2022-05-04,88.137,88.0743
2022-05-05,89.2537,89.1708
2022-05-06,88.8234,91.7524
2022-05-07,88.8234,91.7524
2022-05-08,88.8234,91.7524
2022-05-09,90.9673,87.0566
2022-05-10,86.5334,87.7462
2022-05-11,87.1543,89.3215
2022-05-12,88.7711,88.3978
2022-05-13,88.599,88.3275
2022-05-14,88.599,88.3275
2022-05-15,88.599,88.3275
2022-05-16,88.4781,90.1969
2022-05-17,90.006,92.4315
2022-05-18,88.3431,84.5925
2022-05-19,84.863,82.9929
2022-05-20,83.6651,80.2874
2022-05-21,83.6651,80.2874
2022-05-22,83.6651,80.2874
2022-05-23,80.8377,77.8318
2022-05-24,77.9114,80.8789
2022-05-25,81.0432,81.4416
2022-05-26,81.4558,85.0647
2022-05-27,85.0518,83.9096
2022-05-28,85.0518,83.9096
2022-05-29,85.0518,83.9096
2022-05-30,84.5312,83.1462
2022-05-31,84.1814,83.9713
2022-06-01,84.169,86.2696
2022-06-02,86.377,86.1532
2022-06-03,86.2811,87.1972
2022-06-04,86.2811,87.1972
2022-06-05,86.2811,87.1972
2022-06-06,86.9331,82.2572
2022-06-07,82.1764,80.8593
2022-06-08,81.0736,80.2457
2022-06-09,80.3581,80.996
2022-06-10,80.5377,82.4128
2022-06-11,80.5377,82.4128
2022-06-12,80.5377,82.4128
2022-06-13,81.9932,81.7866
2022-06-14,81.4925,84.026
2022-06-15,83.6995,86.3472
2022-06-16,86.0281,83.0175
2022-06-17,83.2695,82.1982
2022-06-18,83.2695,82.1982
2022-06-19,83.2695,82.1982
2022-06-20,83.6085,84.1696
2022-06-21,84.0117,84.6288
2022-06-22,84.2592,81.7738
2022-06-23,82.6962,84.1005
2022-06-24,84.2228,83.8871
2022-06-25,84.2228,83.8871
2022-06-26,84.2228,83.8871
2022-06-27,83.8912,84.567
2022-06-28,84.6896,88.037
2022-06-29,87.4551,88.5909
2022-06-30,88.293,89.41
2022-07-01,89.8152,86.1815
2022-07-02,89.8152,86.1815
2022-07-03,89.8152,86.1815
2022-07-04,86.0096,84.6674
2022-07-05,84.7008,82.8319
2022-07-06,82.8605,83.7879
2022-07-07,83.6673,84.4194
2022-07-08,84.6551,82.7074
2022-07-09,84.6551,82.7074
2022-07-10,84.6551,82.7074
2022-07-11,82.9603,84.2513
2022-07-12,84.3447,86.0474
2022-07-13,85.7206,83.6458
2022-07-14,84.0356,83.7523
2022-07-15,84.3978,85.2182
2022-07-16,84.3978,85.2182
2022-07-17,84.3978,85.2182
2022-07-18,85.1117,84.3436
2022-07-19,84.5494,83.2922
2022-07-20,83.5327,78.9971
2022-07-21,79.2468,78.0788
2022-07-22,78.1554,76.2
2022-07-23,78.1554,76.2
2022-07-24,78.1554,76.2
2022-07-25,76.7004,76.3192
2022-07-26,76.6614,76.6946
2022-07-27,76.5722,76.231
2022-07-28,76.5603,78.8278
2022-07-29,79.0697,78.4959
2022-07-30,79.0697,78.4959
2022-07-31,79.0697,78.4959
2022-08-01,78.2157,80.5225
2022-08-02,80.0027,81.7521
2022-08-03,81.6916,83.7458
2022-08-04,83.7705,84.5181
2022-08-05,84.4824,85.0228
2022-08-06,84.4824,85.0228
2022-08-07,84.4824,85.0228
2022-08-08,84.8535,84.3369
2022-08-09,84.3161,85.6544
2022-08-10,85.5596,86.1055
2022-08-11,85.6934,87.2451
2022-08-12,87.0432,89.0432
2022-08-13,87.0432,89.0432
2022-08-14,87.0432,89.0432
2022-08-15,88.935,90.6396
2022-08-16,90.2187,92.5854
2022-08-17,92.4953,96.4376
2022-08-18,95.8686,96.7315
2022-08-19,95.9807,98.4337
2022-08-20,95.9807,98.4337
2022-08-21,95.9807,98.4337
2022-08-22,98.6559,93.1004
2022-08-23,92.7121,89.9482
2022-08-24,90.2319,89.6901
2022-08-25,90.3059,88.5238
2022-08-26,88.8753,90.317
2022-08-27,88.8753,90.317
2022-08-28,88.8753,90.317
2022-08-29,89.3645,86.4752
2022-08-30,86.0088,81.326
2022-08-31,81.1105,80.678
2022-09-01,79.8928,81.0184
2022-09-02,78.9208,78.2089
2022-09-03,78.9208,78.2089
2022-09-04,78.9208,78.2089
2022-09-05,77.0178,73.8393
2022-09-06,74.2778,69.4676
2022-09-07,69.8459,69.4558
2022-09-08,68.7468,67.3215
2022-09-09,67.5889,66.1856
2022-09-10,67.5889,66.1856
2022-09-11,67.5889,66.1856
2022-09-12,66.1472,72.0972
2022-09-13,72.224,70.3559
2022-09-14,70.1744,72.1203
2022-09-15,72.0423,72.1965
2022-09-16,71.8924,73.3551
2022-09-17,71.8924,73.3551
2022-09-18,71.8924,73.3551
2022-09-19,73.259,70.4282
2022-09-20,70.6905,71.1823
2022-09-21,71.3311,69.9802
2022-09-22,69.375,70.0951
2022-09-23,69.6426,66.2261
2022-09-24,69.6426,66.2261
2022-09-25,69.6426,66.2261
2022-09-26,64.7192,70.0464
2022-09-27,70.2758,68.2585
2022-09-28,67.7911,65.3172
2022-09-29,65.1092,65.9337
2022-09-30,65.1434,66.1837
2022-10-01,65.1434,66.1837
2022-10-02,65.1434,66.1837
2022-10-03,66.0651,65.9223
2022-10-04,67.2996,67.4192
2022-10-05,67.3621,66.9015
2022-10-06,67.2239,69.0233
2022-10-07,68.9402,68.71
2022-10-08,68.9402,68.71
2022-10-09,68.9402,68.71
2022-10-10,68.8129,67.0489
2022-10-11,66.4573,66.5483
2022-10-12,66.2086,66.5401
2022-10-13,66.2985,68.9239
2022-10-14,68.6122,68.1636
2022-10-15,68.6122,68.1636
2022-10-16,68.6122,68.1636
2022-10-17,67.5025,67.5249
2022-10-18,67.131,67.1667
2022-10-19,67.5198,67.3841
2022-10-20,67.1285,66.8485
2022-10-21,66.6964,69.1349
2022-10-22,66.6964,69.1349
2022-10-23,66.6964,69.1349
2022-10-24,68.0169,72.5771
2022-10-25,72.2851,77.0023
2022-10-26,76.85,75.3054
2022-10-27,75.16,81.2903
2022-10-28,80.3489,81.6951
2022-10-29,80.3489,81.6951
2022-10-30,80.3489,81.6951
2022-10-31,82.0234,79.5815
2022-11-01,80.0145,77.2533
2022-11-02,77.1655,76.9846
2022-11-03,76.2496,76.741
2022-11-04,76.506,76.5575
2022-11-05,76.506,76.5575
2022-11-06,76.506,76.5575
2022-11-07,76.151,78.0071
2022-11-08,77.4319,76.4683
2022-11-09,76.2085,72.669
2022-11-10,72.9089,73.2036
2022-11-11,73.2986,75.6187
2022-11-12,73.2986,75.6187
2022-11-13,73.2986,75.6187
2022-11-14,75.6318,75.0653
2022-11-15,75.0822,77.4756
2022-11-16,76.6379,73.6534
2022-11-17,73.4763,72.1307
2022-11-18,72.226,72.4306
2022-11-19,72.226,72.4306
2022-11-20,72.226,72.4306
2022-11-21,72.2094,74.3473
2022-11-22,74.5309,73.934
2022-11-23,73.9866,75.9289
2022-11-24,76.0386,78.7606
2022-11-25,78.4829,79.2074
2022-11-26,78.4829,79.2074
2022-11-27,78.4829,79.2074
2022-11-28,78.6061,78.6843
2022-11-29,78.6797,81.792
2022-11-30,81.6534,85.2047
2022-12-01,84.5215,85.1762
2022-12-02,85.8516,88.3495
2022-12-03,85.8516,88.3495
2022-12-04,85.8516,88.3495
2022-12-05,87.9134,87.3288
2022-12-06,87.4052,88.8021
2022-12-07,87.827,88.3662
2022-12-08,88.3344,89.1304
2022-12-09,89.0274,87.8363
2022-12-10,89.0274,87.8363
2022-12-11,89.0274,87.8363
2022-12-12,87.7422,90.0476
2022-12-13,90.0354,89.1964
2022-12-14,89.1184,89.7984
2022-12-15,90.157,89.0835
2022-12-16,89.2648,87.2923
2022-12-17,89.2648,87.2923
2022-12-18,89.2648,87.2923
2022-12-19,89.2882,87.7435
2022-12-20,86.6836,89.4723
2022-12-21,89.392,87.9098
2022-12-22,88.0264,89.3115
2022-12-23,89.2399,89.5673
2022-12-24,89.2399,89.5673
2022-12-25,89.2399,89.5673
2022-12-26,89.2399,89.5673
2022-12-27,89.2521,88.5244
2022-12-28,88.6182,86.504
2022-12-29,86.3736,84.3849
2022-12-30,84.4776,83.3141
2022-12-31,84.4776,83.3141
2023-01-01,84.4776,83.3141
2023-01-02,82.0061,85.4843
2023-01-03,85.7641,83.1626
2023-01-04,83.1662,77.6897
2023-01-05,77.9806,78.7086
2023-01-06,78.81,77.778
2023-01-07,78.81,77.778
2023-01-08,78.81,77.778
2023-01-09,77.4413,81.1527
2023-01-10,81.3659,81.097
2023-01-11,80.9401,79.1469
2023-01-12,79.4984,80.3415
2023-01-13,80.5615,79.952
2023-01-14,80.5615,79.952
2023-01-15,80.5615,79.952
2023-01-16,79.3583,77.5789
2023-01-17,78.1035,79.5483
2023-01-18,79.6946,83.9358
2023-01-19,83.1189,84.572
2023-01-20,84.421,85.267
2023-01-21,84.421,85.267
2023-01-22,84.421,85.267
2023-01-23,85.4409,84.8038
2023-01-24,84.2206,82.1441
2023-01-25,82.0916,84.8814
2023-01-26,85.0318,89.5669
2023-01-27,89.436,89.9467
2023-01-28,89.436,89.9467
2023-01-29,89.436,89.9467
2023-01-30,89.9196,90.0059
2023-01-31,90.2239,93.3932
2023-02-01,93.2048,95.8175
2023-02-02,95.5569,93.7709
2023-02-03,93.6998,94.0234
2023-02-04,93.6998,94.0234
2023-02-05,93.6998,94.0234
2023-02-06,93.6523,91.4424
2023-02-07,91.2821,90.65
2023-02-08,90.9754,90.6784
2023-02-09,90.64,91.4401
2023-02-10,91.3698,93.5961
2023-02-11,91.3698,93.5961
2023-02-12,91.3698,93.5961
2023-02-13,93.2542,92.5628
2023-02-14,92.6785,91.6614
2023-02-15,92.1612,94.7632
2023-02-16,94.6462,98.0391
2023-02-17,97.7117,96.3578
2023-02-18,97.7117,96.3578
2023-02-19,97.7117,96.3578
2023-02-20,96.0465,98.2283
2023-02-21,98.8126,100.4719
2023-02-22,100.4037,96.5961
2023-02-23,96.7106,96.6197
2023-02-24,97.0669,98.0537
2023-02-25,97.0669,98.0537
2023-02-26,97.0669,98.0537
2023-02-27,97.799,100.502
2023-02-28,100.6258,99.6967
2023-03-01,99.5258,97.265
2023-03-02,97.6302,93.1886
2023-03-03,93.4241,92.4532
2023-03-04,93.4241,92.4532
2023-03-05,93.4241,92.4532
2023-03-06,92.6415,93.2335
2023-03-07,93.4453,96.1816
2023-03-08,96.4798,98.0291
2023-03-09,98.2175,99.5408
2023-03-10,98.788,100.4687
2023-03-11,98.788,100.4687
2023-03-12,98.788,100.4687
2023-03-13,99.7214,95.7062
2023-03-14,95.7744,92.7885
2023-03-15,93.6751,89.2692
2023-03-16,90.4165,87.967
2023-03-17,88.6601,88.6791
2023-03-18,88.6601,88.6791
2023-03-19,88.6601,88.6791
2023-03-20,87.188,87.9553
2023-03-21,88.187,90.8538
2023-03-22,90.6792,89.7099
2023-03-23,89.9424,93.2362
2023-03-24,93.2832,87.9598
2023-03-25,93.2832,87.9598
2023-03-26,93.2832,87.9598
2023-03-27,88.7508,88.2901
2023-03-28,88.6488,89.496
2023-03-29,89.444,90.4055
2023-03-30,90.3766,90.9565
2023-03-31,90.8769,91.8792
2023-04-01,90.8769,91.8792
2023-04-02,90.8769,91.8792
2023-04-03,91.9756,96.3383
2023-04-04,95.7975,95.1456
2023-04-05,94.8635,97.4439
2023-04-06,96.7435,96.9235
2023-04-07,96.7435,96.9235
2023-04-08,96.7435,96.9235
2023-04-09,96.7435,96.9235
2023-04-10,96.7435,96.9235
2023-04-11,96.8515,97.6467
2023-04-12,97.6773,96.5232
2023-04-13,96.6112,94.4699
2023-04-14,94.4933,94.2894
2023-04-15,94.4933,94.2894
2023-04-16,94.4933,94.2894
2023-04-17,94.2158,93.2846
2023-04-18,92.8443,95.5244
2023-04-19,95.643,94.7472
2023-04-20,94.3821,92.2382
2023-04-21,91.7946,90.0478
2023-04-22,91.7946,90.0478
2023-04-23,91.7946,90.0478
2023-04-24,89.6565,88.6728
2023-04-25,88.7678,86.9069
2023-04-26,87.0743,86.3208
2023-04-27,86.4425,86.7756
2023-04-28,87.0841,87.7248
2023-04-29,87.0841,87.7248
2023-04-30,87.0841,87.7248
2023-05-01,87.0841,87.7248
2023-05-02,85.9091,88.874
2023-05-03,89.5086,85.268
2023-05-04,85.1324,84.5754
2023-05-05,84.4278,85.3225
2023-05-06,84.4278,85.3225
2023-05-07,84.4278,85.3225
2023-05-08,85.0574,85.6716
2023-05-09,85.5418,87.5889
2023-05-10,87.6939,89.3006
2023-05-11,89.3822,88.6715
2023-05-12,88.6184,89.101
2023-05-13,88.6184,89.101
2023-05-14,88.6184,89.101
2023-05-15,88.8592,87.2319
2023-05-16,87.4126,89.0412
2023-05-17,89.3758,88.4324
2023-05-18,88.429,90.0647
2023-05-19,89.9675,89.6454
2023-05-20,89.9675,89.6454
2023-05-21,89.9675,89.6454
2023-05-22,89.3652,87.2602
2023-05-23,87.647,85.9238
2023-05-24,85.4801,85.0241
2023-05-25,85.2422,82.87
2023-05-26,82.9319,83.1857
2023-05-27,82.9319,83.1857
2023-05-28,82.9319,83.1857
2023-05-29,83.292,83.1598
2023-05-30,82.843,80.7009
2023-05-31,80.2425,80.6877
2023-06-01,80.5232,79.0776
2023-06-02,79.0335,78.581
2023-06-03,79.0335,78.581
2023-06-04,79.0335,78.581
2023-06-05,79.2462,82.9152
2023-06-06,82.7025,81.6943
2023-06-07,81.6352,83.9275
2023-06-08,83.572,83.4166
2023-06-09,84.0052,86.213
2023-06-10,84.0052,86.213
2023-06-11,84.0052,86.213
2023-06-12,87.1925,88.2074
2023-06-13,88.3087,90.8269
2023-06-14,90.3748,93.8486
2023-06-15,93.57,93.0767
2023-06-16,93.4809,92.356
2023-06-17,93.4809,92.356
2023-06-18,93.4809,92.356
2023-06-19,91.8758,93.2152
2023-06-20,93.2946,94.8094
2023-06-21,94.4877,90.9782
2023-06-22,89.1788,91.0759
2023-06-23,90.7078,87.683
2023-06-24,90.7078,87.683
2023-06-25,90.7078,87.683
2023-06-26,88.1403,86.8304
2023-06-27,86.7885,89.3132
2023-06-28,89.8197,88.4636
2023-06-29,87.4727,88.1329
2023-06-30,88.5198,89.6262
2023-07-01,88.5198,89.6262
2023-07-02,88.5198,89.6262
2023-07-03,88.9322,87.7246
2023-07-04,87.6735,87.8456
2023-07-05,87.371,85.8846
2023-07-06,86.0357,86.3825
2023-07-07,86.595,86.448
2023-07-08,86.595,86.448
2023-07-09,86.595,86.448
2023-07-10,86.5928,86.6774
2023-07-11,86.5597,87.1603
2023-07-12,87.018,85.9815
2023-07-13,86.1957,86.0975
2023-07-14,86.3214,86.6204
2023-07-15,86.3214,86.6204
2023-07-16,86.3214,86.6204
2023-07-17,86.6748,86.917
2023-07-18,86.92,88.2929
2023-07-19,88.2615,89.1029
2023-07-20,89.1118,91.0053
2023-07-21,91.1759,91.963
2023-07-22,91.1759,91.963
2023-07-23,91.1759,91.963
2023-07-24,91.917,91.426
2023-07-25,91.5369,92.6378
2023-07-26,92.4087,91.0248
2023-07-27,90.8528,91.1916
2023-07-28,91.0433,88.8667
2023-07-29,91.0433,88.8667
2023-07-30,91.0433,88.8667
2023-07-31,88.797,86.7731
2023-08-01,86.9538,84.7446
2023-08-02,85.1338,83.515
2023-08-03,83.5225,84.6345
2023-08-04,85.471,83.6397
2023-08-05,85.471,83.6397
2023-08-06,85.471,83.6397
2023-08-07,84.1385,82.8653
2023-08-08,83.2771,84.1992
2023-08-09,84.6671,84.2043
2023-08-10,84.4484,84.8733
2023-08-11,84.7911,87.049
2023-08-12,84.7911,87.049
2023-08-13,84.7911,87.049
2023-08-14,87.0448,88.193
2023-08-15,88.2359,86.9019
2023-08-16,87.7614,88.7563
2023-08-17,88.5848,89.1662
2023-08-18,88.9932,88.257
2023-08-19,88.9932,88.257
2023-08-20,88.9932,88.257
2023-08-21,88.3632,88.133
2023-08-22,88.0873,90.3052
2023-08-23,89.9543,88.2555
2023-08-24,87.082,85.4473
2023-08-25,85.4967,85.5311
2023-08-26,85.4967,85.5311
2023-08-27,85.4967,85.5311
2023-08-28,85.8774,85.8486
2023-08-29,86.3406,85.2452
2023-08-30,85.0489,86.2137
2023-08-31,86.6583,86.2715
2023-09-01,86.2242,85.7658
2023-09-02,86.2242,85.7658
2023-09-03,86.2242,85.7658
2023-09-04,85.7325,84.3063
2023-09-05,84.5908,84.1346
2023-09-06,84.2254,83.9058
2023-09-07,83.8536,83.6422
2023-09-08,83.6327,81.7741
2023-09-09,83.6327,81.7741
2023-09-10,83.6327,81.7741
2023-09-11,82.1455,81.9084
2023-09-12,82.034,81.3211
2023-09-13,81.4917,83.8805
2023-09-14,83.44,83.1317
2023-09-15,83.1177,82.3266
2023-09-16,83.1177,82.3266
2023-09-17,83.1177,82.3266
2023-09-18,82.034,81.0663
2023-09-19,81.114,81.4983
2023-09-20,81.2234,82.8347
2023-09-21,82.4041,84.724
2023-09-22,83.8644,85.2672
2023-09-23,83.8644,85.2672
2023-09-24,83.8644,85.2672
2023-09-25,85.8082,85.0756
2023-09-26,85.0299,82.6997
2023-09-27,82.81,82.0716
2023-09-28,82.5056,83.4483
2023-09-29,83.1874,81.7613
2023-09-30,83.1874,81.7613
2023-10-01,83.1874,81.7613
2023-10-02,81.5721,80.7995
2023-10-03,80.8646,79.9918
2023-10-04,79.7312,82.1602
2023-10-05,82.1932,80.9809
2023-10-06,80.8737,80.9743
2023-10-07,80.8737,80.9743
2023-10-08,80.8737,80.9743
2023-10-09,80.4333,81.9111
2023-10-10,82.0393,85.0349
2023-10-11,84.5702,83.8882
2023-10-12,83.9085,85.6554
2023-10-13,85.3329,86.0201
2023-10-14,85.3329,86.0201
2023-10-15,85.3329,86.0201
2023-10-16,85.5884,83.6411
2023-10-17,83.6413,82.9816
2023-10-18,82.69,81.8843
2023-10-19,81.976,82.2091
2023-10-20,82.0354,81.9391
2023-10-21,82.0354,81.9391
2023-10-22,82.0354,81.9391
2023-10-23,81.2583,80.4378
2023-10-24,80.4674,80.9079
2023-10-25,80.7204,80.1213
2023-10-26,79.9534,79.8135
2023-10-27,79.8356,79.5597
2023-10-28,79.8356,79.5597
2023-10-29,79.8356,79.5597
2023-10-30,80.0086,78.9671
2023-10-31,79.0508,79.4937
2023-11-01,79.1871,78.7154
2023-11-02,78.6593,79.1158
2023-11-03,78.8941,77.4121
2023-11-04,78.8941,77.4121
2023-11-05,78.8941,77.4121
2023-11-06,77.1575,75.9596
2023-11-07,75.8464,75.1006
2023-11-08,75.478,75.5517
2023-11-09,75.2311,77.4041
2023-11-10,77.6831,78.7265
2023-11-11,77.6831,78.7265
2023-11-12,77.6831,78.7265
2023-11-13,78.2871,77.3526
2023-11-14,77.0238,78.6423
2023-11-15,79.0105,79.8471
2023-11-16,79.8211,77.1145
2023-11-17,76.5401,76.2498
2023-11-18,76.5401,76.2498
2023-11-19,76.5401,76.2498
2023-11-20,77.4288,76.565
2023-11-21,76.828,75.3071
2023-11-22,75.5062,75.2103
2023-11-23,75.5376,76.6403
2023-11-24,76.4745,76.4296
2023-11-25,76.4745,76.4296
2023-11-26,76.4745,76.4296
2023-11-27,76.2945,73.1553
2023-11-28,73.3529,72.6285
2023-11-29,72.3,70.8586
2023-11-30,70.9787,70.717
2023-12-01,70.9505,72.4589
2023-12-02,70.9505,72.4589
2023-12-03,70.9505,72.4589
2023-12-04,72.058,70.519
2023-12-05,70.6014,69.1979
2023-12-06,68.9767,69.0061
2023-12-07,69.2701,70.0382
2023-12-08,70.2754,68.5802
2023-12-09,70.2754,68.5802
2023-12-10,70.2754,68.5802
2023-12-11,68.2387,70.3537
2023-12-12,67.7815,68.2975
2023-12-13,68.264,68.8918
2023-12-14,68.9091,66.7993
2023-12-15,69.5788,70.0339
2023-12-16,69.5788,70.0339
2023-12-17,69.5788,70.0339
2023-12-18,69.3826,71.7313
2023-12-19,71.5566,71.9867
2023-12-20,71.9359,75.3395
2023-12-21,75.5311,78.2575
2023-12-22,78.0772,79.3059
2023-12-23,78.0772,79.3059
2023-12-24,78.0772,79.3059
2023-12-25,78.0772,79.3059
2023-12-26,78.0772,79.3059
2023-12-27,79.5112,80.1009
2023-12-28,80.0884,80.3831
2023-12-29,80.2044,80.4609
2023-12-30,80.2044,80.4609
2023-12-31,80.2044,80.4609
2024-01-01,80.2044,80.4609
2024-01-02,80.8866,76.3031
2024-01-03,76.2312,77.5916
2024-01-04,77.9145,75.9809
2024-01-05,75.5642,76.2387
2024-01-06,75.5642,76.2387
2024-01-07,75.5642,76.2387
2024-01-08,75.6199,72.0476
2024-01-09,71.6802,72.1817
2024-01-10,72.283,70.0446
2024-01-11,70.015,67.9299
2024-01-12,68.235,65.8437
2024-01-13,68.235,65.8437
2024-01-14,68.235,65.8437
2024-01-15,65.5882,67.0066
2024-01-16,67.2613,65.5679
2024-01-17,65.0257,63.4933
2024-01-18,63.3509,63.351
2024-01-19,63.605,63.4915
2024-01-20,63.605,63.4915
2024-01-21,63.605,63.4915
2024-01-22,62.7746,62.3893
2024-01-23,62.0203,63.3094
2024-01-24,63.426,65.8203
2024-01-25,65.884,63.4339
2024-01-26,63.1556,63.0881
2024-01-27,63.1556,63.0881
2024-01-28,63.1556,63.0881
2024-01-29,63.5784,61.6631
2024-01-30,61.7357,64.2288
2024-01-31,63.5768,64.4459
2024-02-01,63.9165,62.3091
2024-02-02,61.7999,63.5971
2024-02-03,61.7999,63.5971
2024-02-04,61.7999,63.5971
2024-02-05,63.9489,62.8193
2024-02-06,62.3345,63.4628
2024-02-07,63.3002,62.3176
2024-02-08,62.2133,60.9109
2024-02-09,60.1043,58.7479
2024-02-10,60.1043,58.7479
2024-02-11,60.1043,58.7479
2024-02-12,58.708,57.1378
2024-02-13,57.1179,56.7164
2024-02-14,56.0988,56.3813
2024-02-15,56.3874,58.0907
2024-02-16,57.7756,57.0884
2024-02-17,57.7756,57.0884
2024-02-18,57.7756,57.0884
2024-02-19,56.4294,53.0794
2024-02-20,53.1219,54.2767
2024-02-21,54.4409,54.4269
2024-02-22,53.8659,52.6277
2024-02-23,52.6416,52.4479
2024-02-24,52.6416,52.4479
2024-02-25,52.6416,52.4479
2024-02-26,52.1064,53.9566
2024-02-27,53.3046,55.9826
2024-02-28,56.0205,57.2403
2024-02-29,57.3098,56.5124
2024-03-01,56.1797,56.3892
2024-03-02,56.1797,56.3892
2024-03-03,56.1797,56.3892
2024-03-04,55.9789,57.4121
2024-03-05,57.461,59.8514
2024-03-06,60.41,58.716
2024-03-07,58.3797,59.4532
2024-03-08,59.1061,58.4012
2024-03-09,59.1061,58.4012
2024-03-10,59.1061,58.4012
2024-03-11,57.721,56.0811
2024-03-12,56.1302,56.886
2024-03-13,56.6129,55.8569
2024-03-14,55.4791,58.717
2024-03-15,58.5153,59.3171
2024-03-16,58.5153,59.3171
2024-03-17,58.5153,59.3171
2024-03-18,59.7219,61.3033
2024-03-19,61.4786,61.2719
2024-03-20,61.1512,59.9717
2024-03-21,59.8103,59.3236
2024-03-22,59.067,61.4202
2024-03-23,59.067,61.4202
2024-03-24,59.067,61.4202
2024-03-25,61.9944,64.7415
2024-03-26,63.9088,62.9681
2024-03-27,62.7122,62.5247
2024-03-28,62.2307,61.8987
2024-03-29,62.2307,61.8987
2024-03-30,62.2307,61.8987
2024-03-31,62.2307,61.8987
2024-04-01,62.2307,61.8987
2024-04-02,61.105,58.793
2024-04-03,58.8347,57.4946
2024-04-04,57.2646,58.4772
2024-04-05,58.8078,61.0444
2024-04-06,58.8078,61.0444
2024-04-07,58.8078,61.0444
2024-04-08,60.083,63.2682
2024-04-09,63.1644,64.1603
2024-04-10,64.0679,62.8951
2024-04-11,62.6829,68.7393
2024-04-12,68.5223,71.7691
2024-04-13,68.5223,71.7691
2024-04-14,68.5223,71.7691
2024-04-15,70.8402,70.2878
2024-04-16,70.1602,74.2198
2024-04-17,73.8032,70.4679
2024-04-18,69.6985,71.5944
2024-04-19,72.3631,68.5713
2024-04-20,72.3631,68.5713
2024-04-21,72.3631,68.5713
2024-04-22,66.9157,66.5526
2024-04-23,66.3202,66.3059
2024-04-24,66.4638,66.7983
2024-04-25,66.8767,68.4551
2024-04-26,68.3643,67.488
2024-04-27,68.3643,67.488
2024-04-28,68.3643,67.488
2024-04-29,66.5307,65.7288
2024-04-30,65.5545,69.3328
2024-05-01,65.5545,69.3328
2024-05-02,67.9465,72.3469
2024-05-03,72.5173,71.8514
2024-05-04,72.5173,71.8514
2024-05-05,72.5173,71.8514
2024-05-06,71.4843,73.6959
2024-05-07,73.3951,70.9766
2024-05-08,70.759,71.9617
2024-05-09,71.3607,73.5596
2024-05-10,73.3139,71.5921
2024-05-11,73.3139,71.5921
2024-05-12,73.3139,71.5921
2024-05-13,70.7131,70.0951
2024-05-14,70.0528,70.0994
2024-05-15,70.1319,69.1761
2024-05-16,69.211,70.9858
2024-05-17,70.1266,70.4443
2024-05-18,70.1266,70.4443
2024-05-19,70.1266,70.4443
2024-05-20,71.1647,74.3451
2024-05-21,74.105,76.2621
2024-05-22,75.8757,76.7877
2024-05-23,76.4243,76.2866
2024-05-24,75.9831,75.8611
2024-05-25,75.9831,75.8611
2024-05-26,75.9831,75.8611
2024-05-27,75.7145,76.5129
2024-05-28,76.1083,74.7054
2024-05-29,74.6497,73.9152
2024-05-30,74.0952,75.2549
2024-05-31,75.4457,74.0939
2024-06-01,75.4457,74.0939
2024-06-02,75.4457,74.0939
2024-06-03,75.3112,74.8316
2024-06-04,74.2687,72.6078
2024-06-05,72.6237,71.9519
2024-06-06,71.9069,71.5627
2024-06-07,71.5167,71.5167
2024-06-08,71.5167,71.5167
2024-06-09,71.5167,71.5167
2024-06-10,70.7,70.9123
2024-06-11,70.4803,70.3501
2024-06-12,70.4288,70.2104
2024-06-13,70.9965,70.939
2024-06-14,70.8584,68.7636
2024-06-15,70.8584,68.7636
2024-06-16,70.8584,68.7636
2024-06-17,68.775,68.1795
2024-06-18,68.2367,68.6221
2024-06-19,68.8215,70.7475
2024-06-20,70.5961,69.366
2024-06-21,69.2689,68.0389
2024-06-22,69.2689,68.0389
2024-06-23,69.2689,68.0389
2024-06-24,67.9545,67.4535
2024-06-25,67.4711,67.8236
2024-06-26,68.2339,67.228
2024-06-27,66.9145,66.4774
2024-06-28,66.7443,67.3299
2024-06-29,66.7443,67.3299
2024-06-30,66.7443,67.3299
2024-07-01,67.3134,68.5834
2024-07-02,68.1207,70.9134
2024-07-03,70.5883,70.8193
2024-07-04,70.7051,70.1539
2024-07-05,70.0649,70.2341
2024-07-06,70.0649,70.2341
2024-07-07,70.0649,70.2341
2024-07-08,70.8155,68.9964
2024-07-09,69.1623,68.5933
2024-07-10,68.443,68.1322
2024-07-11,67.9893,68.6056
2024-07-12,68.5463,69.3664
2024-07-13,68.5463,69.3664
2024-07-14,68.5463,69.3664
2024-07-15,69.2394,67.4862
2024-07-16,67.803,67.9494
2024-07-17,67.821,66.648
2024-07-18,66.4863,66.0664
2024-07-19,66.0389,65.8765
2024-07-20,66.0389,65.8765
2024-07-21,66.0389,65.8765
2024-07-22,66.173,64.6307
2024-07-23,64.7109,65.8374
2024-07-24,65.8019,68.9273
2024-07-25,68.4183,67.0021
2024-07-26,66.9637,67.7456
2024-07-27,66.9637,67.7456
2024-07-28,66.9637,67.7456
2024-07-29,67.3264,68.6925
2024-07-30,68.7269,68.5712
2024-07-31,68.8566,69.1931
2024-08-01,69.5458,71.1658
2024-08-02,70.974,70.4153
2024-08-03,70.974,70.4153
2024-08-04,70.974,70.4153
2024-08-05,69.3467,68.7272
2024-08-06,69.7869,69.9557
2024-08-07,69.9542,70.7524
2024-08-08,70.9268,70.9239
2024-08-09,70.8138,69.8358
2024-08-10,70.8138,69.8358
2024-08-11,70.8138,69.8358
2024-08-12,69.64,72.8605
2024-08-13,72.6718,71.365
2024-08-14,71.4474,71.7733
2024-08-15,71.7776,72.0609
2024-08-16,72.0265,72.3206
2024-08-17,72.0265,72.3206
2024-08-18,72.0265,72.3206
2024-08-19,72.4361,73.1672
2024-08-20,73.0481,73.3581
2024-08-21,73.1637,72.6523
2024-08-22,72.4628,71.8349
2024-08-23,71.8033,71.325
2024-08-24,71.8033,71.325
2024-08-25,71.8033,71.325
2024-08-26,71.5879,70.4557
2024-08-27,70.368,71.7582
2024-08-28,71.633,70.7293
2024-08-29,70.6649,71.0067
2024-08-30,71.0064,70.229
2024-08-31,71.0064,70.229
2024-09-01,71.0064,70.229
2024-09-02,70.3478,70.4851
2024-09-03,70.2604,68.2414
2024-09-04,68.0847,66.866
2024-09-05,67.0367,66.1152
2024-09-06,66.4366,66.4847
2024-09-07,66.4366,66.4847
2024-09-08,66.4366,66.4847
2024-09-09,66.5927,66.4395
2024-09-10,66.4472,65.3657
2024-09-11,65.1295,66.2458
2024-09-12,66.3448,65.3779
2024-09-13,65.4553,65.008
2024-09-14,65.4553,65.008
2024-09-15,65.4553,65.008
2024-09-16,64.4906,63.3853
2024-09-17,62.7426,64.2828
2024-09-18,64.2422,63.8645
2024-09-19,63.9582,63.186
2024-09-20,63.7419,63.4638
2024-09-21,63.7419,63.4638
2024-09-22,63.7419,63.4638
2024-09-23,63.9452,64.0425
2024-09-24,64.2366,64.2136
2024-09-25,64.1694,65.4141
2024-09-26,65.0986,66.2859
2024-09-27,65.9875,66.4868
2024-09-28,65.9875,66.4868
2024-09-29,65.9875,66.4868
2024-09-30,66.6567,65.5505
2024-10-01,65.2295,63.9726
2024-10-02,64.0851,62.6719
2024-10-03,62.4933,62.2313
2024-10-04,62.2342,61.4171
2024-10-05,62.2342,61.4171
2024-10-06,62.2342,61.4171
2024-10-07,60.927,62.3266
2024-10-08,61.5147,60.1151
2024-10-09,60.2503,62.6344
2024-10-10,62.7145,64.9265
2024-10-11,64.7981,64.8917
2024-10-12,64.7981,64.8917
2024-10-13,64.7981,64.8917
2024-10-14,64.6528,65.9839
2024-10-15,64.9866,65.2678
2024-10-16,65.1418,63.1803
2024-10-17,63.3557,63.1162
2024-10-18,63.1094,62.5928
2024-10-19,63.1094,62.5928
2024-10-20,63.1094,62.5928
2024-10-21,62.63,61.9275
2024-10-22,61.9168,62.3081
2024-10-23,62.1504,65.0621
2024-10-24,65.2462,66.5817
2024-10-25,66.9559,66.5924
2024-10-26,66.9559,66.5924
2024-10-27,66.9559,66.5924
2024-10-28,65.4906,66.4684
2024-10-29,66.4793,66.8617
2024-10-30,66.8131,65.7031
2024-10-31,65.5447,63.7041
2024-11-01,63.7456,63.9532
2024-11-02,63.7456,63.9532
2024-11-03,63.7456,63.9532
2024-11-04,64.3286,65.372
2024-11-05,65.4918,64.1551
2024-11-06,63.6609,64.088
2024-11-07,63.9895,66.3309
2024-11-08,66.4652,67.6737
2024-11-09,66.4652,67.6737
2024-11-10,66.4652,67.6737
2024-11-11,67.1405,67.5442
2024-11-12,67.3255,67.1559
2024-11-13,67.1342,66.4909
2024-11-14,67.3074,68.2879
2024-11-15,68.0043,67.443
2024-11-16,68.0043,67.443
2024-11-17,68.0043,67.443
2024-11-18,67.277,69.7456
2024-11-19,69.496,68.5678
2024-11-20,68.0816,68.56
2024-11-21,68.6875,70.8217
2024-11-22,70.7959,69.2353
2024-11-23,70.7959,69.2353
2024-11-24,70.7959,69.2353
2024-11-25,69.8124,69.9825
2024-11-26,69.3736,68.9099
2024-11-27,68.4983,68.3691
2024-11-28,68.3576,67.9189
2024-11-29,67.7557,68.3897
2024-11-30,67.7557,68.3897
2024-12-01,67.7557,68.3897
2024-12-02,68.9058,68.6451
2024-12-03,68.7023,68.2647
2024-12-04,68.0131,68.0743
2024-12-05,67.9035,67.2747
2024-12-06,67.0625,68.5986
2024-12-07,67.0625,68.5986
2024-12-08,67.0625,68.5986
2024-12-09,68.4381,66.521
2024-12-10,68.3959,70.6357
2024-12-11,70.359,70.8709
2024-12-12,70.5891,67.734
2024-12-13,68.0425,66.2919
2024-12-14,68.0425,66.2919
2024-12-15,68.0425,66.2919
2024-12-16,65.4688,65.0876
2024-12-17,65.4714,64.5837
2024-12-18,64.6125,64.7003
2024-12-19,65.0328,67.8445
2024-12-20,68.0274,67.3876
2024-12-21,68.0274,67.3876
2024-12-22,68.0274,67.3876
2024-12-23,67.8607,69.736
2024-12-24,67.8607,69.736
2024-12-25,67.8607,69.736
2024-12-26,67.8607,69.736
2024-12-27,70.042,71.808
2024-12-28,70.042,71.808
2024-12-29,70.042,71.808
2024-12-30,71.879,72.0679
2024-12-31,71.879,72.0679
2025-01-01,71.879,72.0679
2025-01-02,74.0531,74.8362
2025-01-03,75.3512,76.275
2025-01-04,75.3512,76.275
2025-01-05,75.3512,76.275
2025-01-06,75.9474,74.3217
2025-01-07,74.1304,74.3623
2025-01-08,74.5623,72.5765
2025-01-09,72.2006,73.5248
2025-01-10,73.4612,74.8672
2025-01-11,73.4612,74.8672
2025-01-12,73.4612,74.8672
2025-01-13,75.6883,77.04
2025-01-14,77.089,77.1655
2025-01-15,77.9174,78.546
2025-01-16,77.7142,78.385
2025-01-17,78.0759,79.8658
2025-01-18,78.0759,79.8658
2025-01-19,78.0759,79.8658
2025-01-20,79.2722,80.0266
2025-01-21,80.337,79.6926
2025-01-22,79.9257,79.3773
2025-01-23,79.5376,80.9935
2025-01-24,81.425,81.6213
2025-01-25,81.425,81.6213
2025-01-26,81.425,81.6213
2025-01-27,81.3878,79.2252
2025-01-28,79.5044,80.3302
2025-01-29,81.2785,83.7932
2025-01-30,83.2759,82.7496
2025-01-31,83.0726,84.0018
2025-02-01,83.0726,84.0018
2025-02-02,83.0726,84.0018
2025-02-03,83.7789,81.2038
2025-02-04,81.034,80.8828
2025-02-05,81.1316,81.1774
2025-02-06,81.2873,81.7408
2025-02-07,81.9284,82.4467
2025-02-08,81.9284,82.4467
2025-02-09,81.9284,82.4467
2025-02-10,83.2373,83.1223
2025-02-11,82.5326,82.1701
2025-02-12,81.7252,80.7165
2025-02-13,79.9991,78.1374
2025-02-14,77.6536,80.0284
2025-02-15,77.6536,80.0284
2025-02-16,77.6536,80.0284
2025-02-17,79.3736,76.853
2025-02-18,77.0539,75.743
2025-02-19,76.0979,73.562
2025-02-20,73.8182,72.2937
2025-02-21,72.7312,73.8254
2025-02-22,72.7312,73.8254
2025-02-23,72.7312,73.8254
2025-02-24,74.46,73.9143
2025-02-25,73.8152,71.8474
2025-02-26,71.7429,71.3094
2025-02-27,71.3535,73.1739
2025-02-28,73.1693,71.0906
2025-03-01,73.1693,71.0906
2025-03-02,73.1693,71.0906
2025-03-03,72.5223,71.5335
2025-03-04,71.6255,68.4088
2025-03-05,68.3536,68.243
2025-03-06,68.939,67.1176
2025-03-07,67.3674,68.3323
2025-03-08,67.3674,68.3323
2025-03-09,67.3674,68.3323
2025-03-10,68.7354,68.9268
2025-03-11,69.176,68.1807
2025-03-12,67.9607,68.9618
2025-03-13,69.4253,70.2129
2025-03-14,70.7505,70.8592
2025-03-15,70.7505,70.8592
2025-03-16,70.7505,70.8592
2025-03-17,70.548,70.1666
2025-03-18,70.6246,71.1077
2025-03-19,72.0958,74.0072
2025-03-20,74.0742,72.9751
2025-03-21,73.9017,71.2671
2025-03-22,73.9017,71.2671
2025-03-23,73.9017,71.2671
2025-03-24,71.428,71.5081
2025-03-25,71.467,70.3558
2025-03-26,70.2386,70.7138
2025-03-27,70.5473,68.2513
2025-03-28,68.3219,68.7665
2025-03-29,68.3219,68.7665
2025-03-30,68.3219,68.7665
2025-03-31,68.6244,68.0047
2025-04-01,68.1522,70.1104
2025-04-02,70.1709,68.5012
2025-04-03,66.865,66.3829
2025-04-04,66.1394,63.8799
2025-04-05,66.1394,63.8799
2025-04-06,66.1394,63.8799
2025-04-07,61.6604,62.3402
2025-04-08,62.7278,62.754
2025-04-09,60.8178,60.9276
2025-04-10,63.6098,62.1871
2025-04-11,62.1684,64.9932
2025-04-12,62.1684,64.9932
2025-04-13,62.1684,64.9932
2025-04-14,65.5321,66.3093
2025-04-15,66.7293,65.879
2025-04-16,65.8346,66.809
2025-04-17,67.3407,65.6312
2025-04-18,67.3407,65.6312
2025-04-19,67.3407,65.6312
2025-04-20,67.3407,65.6312
2025-04-21,67.3407,65.6312
2025-04-22,65.1423,64.4769
2025-04-23,65.1131,66.7163
2025-04-24,66.3145,66.3278
2025-04-25,66.467,66.4286
2025-04-26,66.467,66.4286
2025-04-27,66.467,66.4286
2025-04-28,66.3353,64.9875
2025-04-29,65.1294,64.766
2025-04-30,64.5975,66.5554
2025-05-01,64.5975,66.5554
2025-05-02,67.2408,68.9652
2025-05-03,67.2408,68.9652
2025-05-04,67.2408,68.9652
2025-05-05,68.6996,67.5684
2025-05-06,67.8663,69.4836
2025-05-07,69.472,71.0871
2025-05-08,71.0264,70.9861
2025-05-09,71.2649,70.3752
2025-05-10,71.2649,70.3752
2025-05-11,71.2649,70.3752
2025-05-12,71.0742,73.1949
2025-05-13,73.2294,72.9883
2025-05-14,73.068,71.9994
2025-05-15,71.9664,73.4832
2025-05-16,73.3053,71.3928
2025-05-17,73.3053,71.3928
2025-05-18,73.3053,71.3928
2025-05-19,71.1687,70.3398
2025-05-20,70.259,73.32
2025-05-21,73.184,72.659
2025-05-22,72.7139,72.0306
2025-05-23,72.4617,71.5276
2025-05-24,72.4617,71.5276
2025-05-25,72.4617,71.5276
2025-05-26,72.332,73.0257
2025-05-27,72.9068,71.1158
2025-05-28,71.2408,72.4584
2025-05-29,72.9649,70.8368
2025-05-30,70.8443,70.2695
2025-05-31,70.8443,70.2695
2025-06-01,70.8443,70.2695
2025-06-02,70.2288,71.3403
2025-06-03,71.2891,72.8323
2025-06-04,72.8123,72.4959
2025-06-05,72.5895,73.2715
2025-06-06,73.1025,73.708
2025-06-07,73.1025,73.708
2025-06-08,73.1025,73.708
2025-06-09,73.8333,74.1121
2025-06-10,74.1477,73.2094
2025-06-11,73.2545,74.527
2025-06-12,74.6343,75.7115
2025-06-13,76.4554,75.6858
2025-06-14,76.4554,75.6858
2025-06-15,76.4554,75.6858
2025-06-16,76.0247,75.0997
2025-06-17,75.222,74.9907
2025-06-18,74.8985,74.7722
2025-06-19,74.8073,72.8105
2025-06-20,72.8318,73.1412
2025-06-21,72.8318,73.1412
2025-06-22,72.8318,73.1412
2025-06-23,72.8589,73.3351
2025-06-24,73.0518,73.2114
2025-06-25,73.3238,71.2292
2025-06-26,71.2889,70.3814
2025-06-27,70.4433,70.9552
2025-06-28,70.4433,70.9552
2025-06-29,70.4433,70.9552
2025-06-30,71.1322,68.9982
2025-07-01,69.1983,70.6561
2025-07-02,70.7051,71.579
2025-07-03,71.7121,72.2992
2025-07-04,72.199,71.4802
2025-07-05,72.199,71.4802
2025-07-06,72.199,71.4802
2025-07-07,71.6696,71.3436
2025-07-08,70.7148,70.4218
2025-07-09,70.5386,70.6399
2025-07-10,70.4594,70.7014
2025-07-11,70.7868,70.4607
2025-07-12,70.7868,70.4607
2025-07-13,70.7868,70.4607
2025-07-14,70.0244,70.3319
2025-07-15,70.4784,71.1476
2025-07-16,71.2357,71.1418
2025-07-17,71.3464,70.4188
2025-07-18,70.6795,70.3802
2025-07-19,70.6795,70.3802
2025-07-20,70.6795,70.3802
2025-07-21,70.3017,69.8181
2025-07-22,69.7568,69.1855
2025-07-23,69.4733,69.8221
2025-07-24,69.8449,71.0305
2025-07-25,71.1084,71.4538
2025-07-26,71.1084,71.4538
2025-07-27,71.1084,71.4538
2025-07-28,71.8719,70.7952
2025-07-29,70.8087,73.1698
2025-07-30,73.3617,72.9516
2025-07-31,72.8368,72.6743
2025-08-01,72.4649,71.1158
2025-08-02,72.4649,71.1158
2025-08-03,72.4649,71.1158
2025-08-04,71.2273,70.7211
2025-08-05,70.7376,71.3347
2025-08-06,71.4065,70.6974
2025-08-07,70.7116,71.7531
2025-08-08,72.0054,72.9666
2025-08-09,72.0054,72.9666
2025-08-10,72.0054,72.9666
2025-08-11,73.0588,72.2876
2025-08-12,72.283,71.4039
2025-08-13,71.5548,71.6852
2025-08-14,71.7787,71.032
2025-08-15,71.1379,70.6224
2025-08-16,71.1379,70.6224
2025-08-17,71.1379,70.6224
2025-08-18,70.7269,71.6855
2025-08-19,71.7064,71.1987
2025-08-20,71.2374,71.4222
2025-08-21,71.4794,72.5514
2025-08-22,72.8254,72.5039
2025-08-23,72.8254,72.5039
2025-08-24,72.8254,72.5039
2025-08-25,72.6181,71.9749
2025-08-26,71.9439,72.7466
2025-08-27,72.7522,72.2566
2025-08-28,72.1728,71.9178
2025-08-29,71.7767,73.0201
2025-08-30,71.7767,73.0201
2025-08-31,71.7767,73.0201
2025-09-01,73.1036,74.2825
2025-09-02,74.3438,73.5513
2025-09-03,73.7821,75.2973
2025-09-04,75.034,75.5977
2025-09-05,75.719,76.1044
2025-09-06,75.719,76.1044
2025-09-07,75.719,76.1044
2025-09-08,76.2655,77.0297
2025-09-09,77.5007,76.8243
2025-09-10,76.9384,77.3618
2025-09-11,77.2533,75.3304
2025-09-12,75.5973,75.4307
2025-09-13,75.5973,75.4307
2025-09-14,75.5973,75.4307
2025-09-15,75.8036,77.1553
2025-09-16,77.141,77.7416
2025-09-17,77.8199,76.5798
2025-09-18,76.8348,77.3201
2025-09-19,77.6128,77.6605
2025-09-20,77.6128,77.6605
2025-09-21,77.6128,77.6605
2025-09-22,77.4192,76.1643
2025-09-23,76.4105,76.7046
2025-09-24,76.678,76.1411
2025-09-25,76.2131,75.5626
2025-09-26,75.8787,75.8357
2025-09-27,75.8787,75.8357
2025-09-28,75.8787,75.8357
2025-09-29,75.641,76.6347
2025-09-30,76.7874,75.7083
2025-10-01,75.8287,76.4521
